Product_ID,Product_Name,Category,Price,Description,segment,size,color,cogs
536,SaigonFlex UC-01,Streetwear,11059.65,"SaigonFlex UC-01 - Streetwear (Màu: green, Size: S)",Everyday,S,green,9704.84
537,SaigonFlex UC-02,Streetwear,9523.08,"SaigonFlex UC-02 - Streetwear (Màu: silver, Size: M)",Everyday,M,silver,5393.87
538,SaigonFlex UC-03,Streetwear,15951.63,"SaigonFlex UC-03 - Streetwear (Màu: pink, Size: L)",Everyday,L,pink,11371.92
539,SaigonFlex UC-04,Streetwear,15753.72,"SaigonFlex UC-04 - Streetwear (Màu: yellow, Size: XL)",Everyday,XL,yellow,8573.17
540,SaigonFlex UC-05,Streetwear,15766.33,"SaigonFlex UC-05 - Streetwear (Màu: red, Size: S)",Everyday,S,red,14063.57
541,SaigonFlex UC-06,Streetwear,16095.85,"SaigonFlex UC-06 - Streetwear (Màu: black, Size: M)",Everyday,M,black,15291.06
542,SaigonFlex UC-07,Streetwear,9213.82,"SaigonFlex UC-07 - Streetwear (Màu: orange, Size: L)",Everyday,L,orange,6152.07
543,SaigonFlex UC-08,Streetwear,40.39,"SaigonFlex UC-08 - Streetwear (Màu: blue, Size: XL)",Everyday,XL,blue,22.49
544,SaigonFlex UC-09,Streetwear,11334.11,"SaigonFlex UC-09 - Streetwear (Màu: white, Size: S)",Everyday,S,white,8528.92
545,SaigonFlex UC-10,Streetwear,10045.68,"SaigonFlex UC-10 - Streetwear (Màu: purple, Size: M)",Everyday,M,purple,9091.34
546,SaigonFlex UC-11,Streetwear,16066.12,"SaigonFlex UC-11 - Streetwear (Màu: green, Size: L)",Everyday,L,green,13338.09
547,SaigonFlex UC-12,Streetwear,6544.42,"SaigonFlex UC-12 - Streetwear (Màu: silver, Size: XL)",Everyday,XL,silver,4298.38
548,SaigonFlex UC-13,Streetwear,6163.41,"SaigonFlex UC-13 - Streetwear (Màu: pink, Size: S)",Everyday,S,pink,4883.89
549,SaigonFlex UC-14,Streetwear,6655.75,"SaigonFlex UC-14 - Streetwear (Màu: yellow, Size: M)",Everyday,M,yellow,5205.46
550,SaigonFlex UC-15,Streetwear,5184.62,"SaigonFlex UC-15 - Streetwear (Màu: red, Size: L)",Everyday,L,red,3404.74
551,SaigonFlex UC-16,Streetwear,11245.41,"SaigonFlex UC-16 - Streetwear (Màu: black, Size: XL)",Everyday,XL,black,10683.14
552,SaigonFlex UC-17,Streetwear,11588.85,"SaigonFlex UC-17 - Streetwear (Màu: orange, Size: S)",Everyday,S,orange,11009.41
553,SaigonFlex UC-18,Streetwear,11516.62,"SaigonFlex UC-18 - Streetwear (Màu: blue, Size: M)",Everyday,M,blue,9748.82
554,SaigonFlex UC-19,Streetwear,10501.45,"SaigonFlex UC-19 - Streetwear (Màu: white, Size: L)",Everyday,L,white,6426.89
555,SaigonFlex UC-20,Streetwear,10520.48,"SaigonFlex UC-20 - Streetwear (Màu: purple, Size: XL)",Everyday,XL,purple,9994.46
556,SaigonFlex UC-21,Streetwear,10268.64,"SaigonFlex UC-21 - Streetwear (Màu: green, Size: S)",Everyday,S,green,9686.41
557,SaigonFlex UC-22,Streetwear,10090.44,"SaigonFlex UC-22 - Streetwear (Màu: silver, Size: M)",Everyday,M,silver,7554.71
558,SaigonFlex UC-23,Streetwear,18269.37,"SaigonFlex UC-23 - Streetwear (Màu: pink, Size: L)",Everyday,L,pink,14094.82
559,SaigonFlex UC-24,Streetwear,7658.99,"SaigonFlex UC-24 - Streetwear (Màu: yellow, Size: XL)",Everyday,XL,yellow,6569.11
560,SaigonFlex UC-25,Streetwear,8428.27,"SaigonFlex UC-25 - Streetwear (Màu: red, Size: S)",Everyday,S,red,7354.51
561,SaigonFlex UC-26,Streetwear,8951.67,"SaigonFlex UC-26 - Streetwear (Màu: black, Size: M)",Everyday,M,black,7753.94
562,SaigonFlex UC-27,Streetwear,11109.75,"SaigonFlex UC-27 - Streetwear (Màu: orange, Size: L)",Everyday,L,orange,10554.26
563,SaigonFlex UC-28,Streetwear,9445.09,"SaigonFlex UC-28 - Streetwear (Màu: blue, Size: XL)",Everyday,XL,blue,8972.84
564,SaigonFlex UC-29,Streetwear,11503.8,"SaigonFlex UC-29 - Streetwear (Màu: white, Size: S)",Everyday,S,white,7876.65
565,SaigonFlex UC-30,Streetwear,10752.79,"SaigonFlex UC-30 - Streetwear (Màu: purple, Size: M)",Everyday,M,purple,9051.7
566,SaigonFlex UC-31,Streetwear,11783.94,"SaigonFlex UC-31 - Streetwear (Màu: green, Size: L)",Everyday,L,green,9612.16
567,SaigonFlex UC-32,Streetwear,10134.78,"SaigonFlex UC-32 - Streetwear (Màu: silver, Size: XL)",Everyday,XL,silver,8711.85
568,SaigonFlex UC-33,Streetwear,10532.7,"SaigonFlex UC-33 - Streetwear (Màu: pink, Size: S)",Everyday,S,pink,7628.83
569,SaigonFlex UC-34,Streetwear,12601.62,"SaigonFlex UC-34 - Streetwear (Màu: yellow, Size: M)",Everyday,M,yellow,11971.54
570,SaigonFlex UC-35,Streetwear,6934.76,"SaigonFlex UC-35 - Streetwear (Màu: red, Size: L)",Everyday,L,red,6364.03
571,SaigonFlex UC-36,Streetwear,6325.2,"SaigonFlex UC-36 - Streetwear (Màu: black, Size: XL)",Everyday,XL,black,6008.94
572,SaigonFlex UC-37,Streetwear,5428.18,"SaigonFlex UC-37 - Streetwear (Màu: orange, Size: S)",Everyday,S,orange,5156.77
573,SaigonFlex UC-38,Streetwear,3743.69,"SaigonFlex UC-38 - Streetwear (Màu: blue, Size: M)",Everyday,M,blue,2813.76
574,SaigonFlex UC-39,Streetwear,10912.66,"SaigonFlex UC-39 - Streetwear (Màu: white, Size: L)",Everyday,L,white,10134.59
575,SaigonFlex UC-40,Streetwear,11157.96,"SaigonFlex UC-40 - Streetwear (Màu: purple, Size: XL)",Everyday,XL,purple,10600.06
576,SaigonFlex UC-41,Streetwear,18775.84,"SaigonFlex UC-41 - Streetwear (Màu: green, Size: S)",Everyday,S,green,12572.3
577,SaigonFlex UC-42,Streetwear,12288.26,"SaigonFlex UC-42 - Streetwear (Màu: silver, Size: M)",Everyday,M,silver,9234.63
578,SaigonFlex UC-43,Streetwear,9414.21,"SaigonFlex UC-43 - Streetwear (Màu: pink, Size: L)",Everyday,L,pink,6648.32
579,SaigonFlex UC-44,Streetwear,15941.11,"SaigonFlex UC-44 - Streetwear (Màu: yellow, Size: XL)",Everyday,XL,yellow,14039.33
580,SaigonFlex UC-45,Streetwear,9901.55,"SaigonFlex UC-45 - Streetwear (Màu: red, Size: S)",Everyday,S,red,9406.47
581,SaigonFlex UC-46,Streetwear,16696.35,"SaigonFlex UC-46 - Streetwear (Màu: black, Size: M)",Everyday,M,black,14125.11
582,SaigonFlex UC-47,Streetwear,4283.7,"SaigonFlex UC-47 - Streetwear (Màu: orange, Size: L)",Everyday,L,orange,3193.5
583,SaigonFlex UC-48,Streetwear,6610.57,"SaigonFlex UC-48 - Streetwear (Màu: blue, Size: XL)",Everyday,XL,blue,4418.51
584,SaigonFlex UC-49,Streetwear,7436.31,"SaigonFlex UC-49 - Streetwear (Màu: white, Size: S)",Everyday,S,white,4666.29
585,SaigonFlex UC-50,Streetwear,5044.25,"SaigonFlex UC-50 - Streetwear (Màu: purple, Size: M)",Everyday,M,purple,4792.04
586,SaigonFlex UC-51,Streetwear,4552.69,"SaigonFlex UC-51 - Streetwear (Màu: green, Size: L)",Everyday,L,green,4325.05
587,SaigonFlex UC-52,Streetwear,31.33,"SaigonFlex UC-52 - Streetwear (Màu: silver, Size: XL)",Everyday,XL,silver,19.58
588,SaigonFlex UC-53,Streetwear,7437.17,"SaigonFlex UC-53 - Streetwear (Màu: pink, Size: S)",Everyday,S,pink,6317.87
589,SaigonFlex UC-54,Streetwear,10207.29,"SaigonFlex UC-54 - Streetwear (Màu: yellow, Size: M)",Everyday,M,yellow,7250.24
590,SaigonFlex UC-55,Streetwear,10658.33,"SaigonFlex UC-55 - Streetwear (Màu: red, Size: L)",Everyday,L,red,10125.42
591,SaigonFlex UC-56,Streetwear,11048.62,"SaigonFlex UC-56 - Streetwear (Màu: black, Size: XL)",Everyday,XL,black,10496.19
592,SaigonFlex UC-57,Streetwear,11573.64,"SaigonFlex UC-57 - Streetwear (Màu: orange, Size: S)",Everyday,S,orange,7346.95
593,SaigonFlex UC-58,Streetwear,10942.19,"SaigonFlex UC-58 - Streetwear (Màu: blue, Size: M)",Everyday,M,blue,8946.34
594,SaigonFlex UC-59,Streetwear,42.91,"SaigonFlex UC-59 - Streetwear (Màu: white, Size: L)",Everyday,L,white,24.5
595,SaigonFlex UC-60,Streetwear,8975.73,"SaigonFlex UC-60 - Streetwear (Màu: purple, Size: XL)",Everyday,XL,purple,5284.91
596,SaigonFlex UC-61,Streetwear,9577.15,"SaigonFlex UC-61 - Streetwear (Màu: green, Size: S)",Everyday,S,green,5842.06
597,SaigonFlex UC-62,Streetwear,60.9,"SaigonFlex UC-62 - Streetwear (Màu: silver, Size: M)",Everyday,M,silver,38.96
598,SaigonFlex UC-63,Streetwear,11489.45,"SaigonFlex UC-63 - Streetwear (Màu: pink, Size: L)",Everyday,L,pink,7924.28
599,SaigonFlex UC-64,Streetwear,10648.86,"SaigonFlex UC-64 - Streetwear (Màu: yellow, Size: XL)",Everyday,XL,yellow,10116.41
600,SaigonFlex UC-65,Streetwear,9148.35,"SaigonFlex UC-65 - Streetwear (Màu: red, Size: S)",Everyday,S,red,4647.36
601,SaigonFlex UC-66,Streetwear,15754.5,"SaigonFlex UC-66 - Streetwear (Màu: black, Size: M)",Everyday,M,black,14966.77
602,SaigonFlex UC-67,Streetwear,15756.27,"SaigonFlex UC-67 - Streetwear (Màu: orange, Size: L)",Everyday,L,orange,11752.6
603,SaigonFlex UC-68,Streetwear,11026.34,"SaigonFlex UC-68 - Streetwear (Màu: blue, Size: XL)",Everyday,XL,blue,8163.9
604,SaigonFlex UC-69,Streetwear,6135.3,"SaigonFlex UC-69 - Streetwear (Màu: white, Size: S)",Everyday,S,white,4141.94
605,SaigonFlex UC-70,Streetwear,4940.96,"SaigonFlex UC-70 - Streetwear (Màu: purple, Size: M)",Everyday,M,purple,3748.21
606,SaigonFlex UC-71,Streetwear,4042.85,"SaigonFlex UC-71 - Streetwear (Màu: green, Size: L)",Everyday,L,green,3552.46
607,SaigonFlex UC-72,Streetwear,11408.04,"SaigonFlex UC-72 - Streetwear (Màu: silver, Size: XL)",Everyday,XL,silver,7676.47
608,SaigonFlex UC-73,Streetwear,11699.1,"SaigonFlex UC-73 - Streetwear (Màu: pink, Size: S)",Everyday,S,pink,11114.14
609,SaigonFlex UC-74,Streetwear,10426.57,"SaigonFlex UC-74 - Streetwear (Màu: yellow, Size: M)",Everyday,M,yellow,8987.7
610,SaigonFlex UC-75,Streetwear,11122.51,"SaigonFlex UC-75 - Streetwear (Màu: red, Size: L)",Everyday,L,red,9587.6
611,SaigonFlex UC-76,Streetwear,17959.96,"SaigonFlex UC-76 - Streetwear (Màu: black, Size: XL)",Everyday,XL,black,12395.96
612,SaigonFlex UC-77,Streetwear,11727.45,"SaigonFlex UC-77 - Streetwear (Màu: orange, Size: S)",Everyday,S,orange,7625.19
613,SaigonFlex UC-78,Streetwear,30.15,"SaigonFlex UC-78 - Streetwear (Màu: blue, Size: M)",Everyday,M,blue,17.2
614,SaigonFlex UC-79,Streetwear,8263.49,"SaigonFlex UC-79 - Streetwear (Màu: white, Size: L)",Everyday,L,white,6609.14
615,SaigonFlex UC-80,Streetwear,8328.97,"SaigonFlex UC-80 - Streetwear (Màu: purple, Size: XL)",Everyday,XL,purple,4873.28
616,SaigonFlex UC-81,Streetwear,8545.56,"SaigonFlex UC-81 - Streetwear (Màu: green, Size: S)",Everyday,S,green,7898.66
617,SaigonFlex UC-82,Streetwear,10151.26,"SaigonFlex UC-82 - Streetwear (Màu: silver, Size: M)",Everyday,M,silver,6680.55
618,SaigonFlex UC-83,Streetwear,14262.41,"SaigonFlex UC-83 - Streetwear (Màu: pink, Size: L)",Everyday,L,pink,13549.29
619,SaigonFlex UC-84,Streetwear,11336.85,"SaigonFlex UC-84 - Streetwear (Màu: yellow, Size: XL)",Everyday,XL,yellow,6509.62
620,SaigonFlex UC-85,Streetwear,30.15,"SaigonFlex UC-85 - Streetwear (Màu: red, Size: S)",Everyday,S,red,17.16
621,SaigonFlex UC-86,Streetwear,62.28,"SaigonFlex UC-86 - Streetwear (Màu: black, Size: M)",Everyday,M,black,34.48
622,SaigonFlex UC-87,Streetwear,9946.84,"SaigonFlex UC-87 - Streetwear (Màu: orange, Size: L)",Everyday,L,orange,7374.59
623,SaigonFlex UC-88,Streetwear,17011.96,"SaigonFlex UC-88 - Streetwear (Màu: blue, Size: XL)",Everyday,XL,blue,9844.82
624,SaigonFlex UC-89,Streetwear,45.01,"SaigonFlex UC-89 - Streetwear (Màu: white, Size: S)",Everyday,S,white,26.88
625,SaigonFlex UC-90,Streetwear,16075.5,"SaigonFlex UC-90 - Streetwear (Màu: purple, Size: M)",Everyday,M,purple,8733.82
626,SaigonFlex UC-91,Streetwear,17013.9,"SaigonFlex UC-91 - Streetwear (Màu: green, Size: L)",Everyday,L,green,16163.2
627,SaigonFlex UC-92,Streetwear,11006.55,"SaigonFlex UC-92 - Streetwear (Màu: silver, Size: XL)",Everyday,XL,silver,7708.99
628,SaigonFlex UC-93,Streetwear,11516.4,"SaigonFlex UC-93 - Streetwear (Màu: pink, Size: S)",Everyday,S,pink,9278.76
629,SaigonFlex UC-94,Streetwear,9968.7,"SaigonFlex UC-94 - Streetwear (Màu: yellow, Size: M)",Everyday,M,yellow,9470.26
630,SaigonFlex UC-95,Streetwear,6176.85,"SaigonFlex UC-95 - Streetwear (Màu: red, Size: L)",Everyday,L,red,3866.09
631,SaigonFlex UC-96,Streetwear,4677.02,"SaigonFlex UC-96 - Streetwear (Màu: black, Size: XL)",Everyday,XL,black,4443.17
632,SaigonFlex UC-97,Streetwear,4844.7,"SaigonFlex UC-97 - Streetwear (Màu: orange, Size: S)",Everyday,S,orange,2618.08
633,SaigonFlex UC-98,Streetwear,6803.8,"SaigonFlex UC-98 - Streetwear (Màu: blue, Size: M)",Everyday,M,blue,3769.31
634,SaigonFlex UC-99,Streetwear,10788.27,"SaigonFlex UC-99 - Streetwear (Màu: white, Size: L)",Everyday,L,white,6005.83
635,SaigonFlex UC-00,Streetwear,10745.22,"SaigonFlex UC-00 - Streetwear (Màu: purple, Size: XL)",Everyday,XL,purple,9205.43
636,SaigonFlex UC-01,Streetwear,10892.0,"SaigonFlex UC-01 - Streetwear (Màu: green, Size: S)",Everyday,S,green,9183.04
637,SaigonFlex UC-02,Streetwear,10938.36,"SaigonFlex UC-02 - Streetwear (Màu: silver, Size: M)",Everyday,M,silver,8362.37
638,SaigonFlex UC-03,Streetwear,12105.45,"SaigonFlex UC-03 - Streetwear (Màu: pink, Size: L)",Everyday,L,pink,11500.18
639,SaigonFlex UC-04,Streetwear,10586.43,"SaigonFlex UC-04 - Streetwear (Màu: yellow, Size: XL)",Everyday,XL,yellow,10057.11
640,SaigonFlex UC-05,Streetwear,9757.34,"SaigonFlex UC-05 - Streetwear (Màu: red, Size: S)",Everyday,S,red,9269.48
641,SaigonFlex UC-06,Streetwear,9957.78,"SaigonFlex UC-06 - Streetwear (Màu: black, Size: M)",Everyday,M,black,8252.01
642,SaigonFlex UC-07,Streetwear,10862.12,"SaigonFlex UC-07 - Streetwear (Màu: orange, Size: L)",Everyday,L,orange,7602.4
643,SaigonFlex UC-08,Streetwear,13917.75,"SaigonFlex UC-08 - Streetwear (Màu: blue, Size: XL)",Everyday,XL,blue,9639.43
644,SaigonFlex UC-09,Streetwear,10607.75,"SaigonFlex UC-09 - Streetwear (Màu: white, Size: S)",Everyday,S,white,8623.04
645,SaigonFlex UC-10,Streetwear,8950.1,"SaigonFlex UC-10 - Streetwear (Màu: purple, Size: M)",Everyday,M,purple,8502.59
646,SaigonFlex UC-11,Streetwear,11258.1,"SaigonFlex UC-11 - Streetwear (Màu: green, Size: L)",Everyday,L,green,8881.52
647,SaigonFlex UC-12,Streetwear,11033.91,"SaigonFlex UC-12 - Streetwear (Màu: silver, Size: XL)",Everyday,XL,silver,6038.86
648,SaigonFlex UC-13,Streetwear,10560.82,"SaigonFlex UC-13 - Streetwear (Màu: pink, Size: S)",Everyday,S,pink,10032.78
649,SaigonFlex UC-14,Streetwear,10084.34,"SaigonFlex UC-14 - Streetwear (Màu: yellow, Size: M)",Everyday,M,yellow,9580.13
650,SaigonFlex UC-15,Streetwear,6110.11,"SaigonFlex UC-15 - Streetwear (Màu: red, Size: L)",Everyday,L,red,5804.6
651,SaigonFlex UC-16,Streetwear,9885.47,"SaigonFlex UC-16 - Streetwear (Màu: black, Size: XL)",Everyday,XL,black,5627.8
652,SaigonFlex UC-17,Streetwear,9960.63,"SaigonFlex UC-17 - Streetwear (Màu: orange, Size: S)",Everyday,S,orange,9462.6
653,SaigonFlex UC-18,Streetwear,10584.53,"SaigonFlex UC-18 - Streetwear (Màu: blue, Size: M)",Everyday,M,blue,10055.31
654,SaigonFlex UC-19,Streetwear,12297.94,"SaigonFlex UC-19 - Streetwear (Màu: white, Size: L)",Everyday,L,white,11683.04
655,SaigonFlex UC-20,Streetwear,11836.94,"SaigonFlex UC-20 - Streetwear (Màu: purple, Size: XL)",Everyday,XL,purple,7837.24
656,SaigonFlex UC-21,Streetwear,10963.75,"SaigonFlex UC-21 - Streetwear (Màu: green, Size: S)",Everyday,S,green,8877.35
657,SaigonFlex UC-22,Streetwear,11020.21,"SaigonFlex UC-22 - Streetwear (Màu: silver, Size: M)",Everyday,M,silver,10469.2
658,SaigonFlex UC-23,Streetwear,11169.79,"SaigonFlex UC-23 - Streetwear (Màu: pink, Size: L)",Everyday,L,pink,8112.62
659,SaigonFlex UC-24,Streetwear,18102.51,"SaigonFlex UC-24 - Streetwear (Màu: yellow, Size: XL)",Everyday,XL,yellow,10184.47
660,SaigonFlex UC-25,Streetwear,8500.35,"SaigonFlex UC-25 - Streetwear (Màu: red, Size: S)",Everyday,S,red,5856.74
661,SaigonFlex UC-26,Streetwear,27.45,"SaigonFlex UC-26 - Streetwear (Màu: black, Size: M)",Everyday,M,black,16.65
662,SaigonFlex UC-27,Streetwear,10139.14,"SaigonFlex UC-27 - Streetwear (Màu: orange, Size: L)",Everyday,L,orange,5848.26
663,SaigonFlex UC-28,Streetwear,8397.9,"SaigonFlex UC-28 - Streetwear (Màu: blue, Size: XL)",Everyday,XL,blue,7978.0
664,SaigonFlex UC-29,Streetwear,41.14,"SaigonFlex UC-29 - Streetwear (Màu: white, Size: S)",Everyday,S,white,22.9
665,SaigonFlex UC-30,Streetwear,27.51,"SaigonFlex UC-30 - Streetwear (Màu: purple, Size: M)",Everyday,M,purple,17.27
666,SaigonFlex UC-31,Streetwear,9766.92,"SaigonFlex UC-31 - Streetwear (Màu: green, Size: L)",Everyday,L,green,7154.27
667,SaigonFlex UC-32,Streetwear,9799.4,"SaigonFlex UC-32 - Streetwear (Màu: silver, Size: XL)",Everyday,XL,silver,9309.43
668,SaigonFlex UC-33,Streetwear,16826.67,"SaigonFlex UC-33 - Streetwear (Màu: pink, Size: S)",Everyday,S,pink,12741.15
669,SaigonFlex UC-34,Streetwear,16376.85,"SaigonFlex UC-34 - Streetwear (Màu: yellow, Size: M)",Everyday,M,yellow,13867.92
670,SaigonFlex UC-35,Streetwear,10899.89,"SaigonFlex UC-35 - Streetwear (Màu: red, Size: L)",Everyday,L,red,10354.89
671,SaigonFlex UC-36,Streetwear,11194.63,"SaigonFlex UC-36 - Streetwear (Màu: black, Size: XL)",Everyday,XL,black,7866.46
672,SaigonFlex UC-37,Streetwear,11024.43,"SaigonFlex UC-37 - Streetwear (Màu: orange, Size: S)",Everyday,S,orange,10473.21
673,SaigonFlex UC-38,Streetwear,27.49,"SaigonFlex UC-38 - Streetwear (Màu: blue, Size: M)",Everyday,M,blue,16.36
674,SaigonFlex UC-39,Streetwear,8419.58,"SaigonFlex UC-39 - Streetwear (Màu: white, Size: L)",Everyday,L,white,6274.27
675,SaigonFlex UC-40,Streetwear,7873.65,"SaigonFlex UC-40 - Streetwear (Màu: purple, Size: XL)",Everyday,XL,purple,5241.49
676,SaigonFlex UC-41,Streetwear,9891.04,"SaigonFlex UC-41 - Streetwear (Màu: green, Size: S)",Everyday,S,green,9195.7
677,SaigonFlex UC-42,Streetwear,36.48,"SaigonFlex UC-42 - Streetwear (Màu: silver, Size: M)",Everyday,M,silver,21.98
678,SaigonFlex UC-43,Streetwear,15.4,"SaigonFlex UC-43 - Streetwear (Màu: pink, Size: L)",Everyday,L,pink,9.15
679,SaigonFlex UC-44,Streetwear,16.61,"SaigonFlex UC-44 - Streetwear (Màu: yellow, Size: XL)",Everyday,XL,yellow,9.8
680,SaigonFlex UC-45,Streetwear,26.45,"SaigonFlex UC-45 - Streetwear (Màu: red, Size: S)",Everyday,S,red,16.03
681,SaigonFlex UC-46,Streetwear,8907.55,"SaigonFlex UC-46 - Streetwear (Màu: black, Size: M)",Everyday,M,black,8272.45
682,SaigonFlex UC-47,Streetwear,11641.83,"SaigonFlex UC-47 - Streetwear (Màu: orange, Size: L)",Everyday,L,orange,11059.74
683,SaigonFlex UC-48,Streetwear,10477.88,"SaigonFlex UC-48 - Streetwear (Màu: blue, Size: XL)",Everyday,XL,blue,6262.63
684,SaigonFlex UC-49,Streetwear,10989.14,"SaigonFlex UC-49 - Streetwear (Màu: white, Size: S)",Everyday,S,white,10439.68
685,SaigonFlex UC-50,Streetwear,10129.73,"SaigonFlex UC-50 - Streetwear (Màu: purple, Size: M)",Everyday,M,purple,8328.66
686,SaigonFlex UC-51,Streetwear,9634.4,"SaigonFlex UC-51 - Streetwear (Màu: green, Size: L)",Everyday,L,green,5513.76
687,SaigonFlex UC-52,Streetwear,5610.65,"SaigonFlex UC-52 - Streetwear (Màu: silver, Size: XL)",Everyday,XL,silver,4180.5
688,SaigonFlex UC-53,Streetwear,6694.9,"SaigonFlex UC-53 - Streetwear (Màu: pink, Size: S)",Everyday,S,pink,5116.25
689,SaigonFlex UC-54,Streetwear,4162.63,"SaigonFlex UC-54 - Streetwear (Màu: yellow, Size: M)",Everyday,M,yellow,3842.94
690,SaigonFlex UC-55,Streetwear,4598.82,"SaigonFlex UC-55 - Streetwear (Màu: red, Size: L)",Everyday,L,red,3100.06
691,SaigonFlex UC-56,Streetwear,4663.55,"SaigonFlex UC-56 - Streetwear (Màu: black, Size: XL)",Everyday,XL,black,4430.37
692,SaigonFlex UC-57,Streetwear,3023.37,"SaigonFlex UC-57 - Streetwear (Màu: orange, Size: S)",Everyday,S,orange,1991.19
693,SaigonFlex UC-58,Streetwear,22.08,"SaigonFlex UC-58 - Streetwear (Màu: blue, Size: M)",Everyday,M,blue,12.49
189,DragonWear UC-01,Streetwear,9513.0,"DragonWear UC-01 - Streetwear (Màu: yellow, Size: M)",Everyday,M,yellow,6181.55
190,DragonWear UC-02,Streetwear,9443.7,"DragonWear UC-02 - Streetwear (Màu: red, Size: L)",Everyday,L,red,7547.41
191,DragonWear UC-03,Streetwear,9513.0,"DragonWear UC-03 - Streetwear (Màu: black, Size: XL)",Everyday,XL,black,9029.74
192,DragonWear UC-04,Streetwear,37.55,"DragonWear UC-04 - Streetwear (Màu: orange, Size: S)",Everyday,S,orange,21.34
193,DragonWear UC-05,Streetwear,9191.7,"DragonWear UC-05 - Streetwear (Màu: blue, Size: M)",Everyday,M,blue,7248.57
194,DragonWear UC-06,Streetwear,23.03,"DragonWear UC-06 - Streetwear (Màu: white, Size: L)",Everyday,L,white,14.65
195,DragonWear UC-07,Streetwear,9191.7,"DragonWear UC-07 - Streetwear (Màu: purple, Size: XL)",Everyday,XL,purple,5645.54
196,DragonWear UC-08,Streetwear,10073.7,"DragonWear UC-08 - Streetwear (Màu: green, Size: S)",Everyday,S,green,7970.31
387,LotusWear UC-01,Streetwear,11966.85,"LotusWear UC-01 - Streetwear (Màu: silver, Size: XL)",Everyday,XL,silver,11368.51
388,LotusWear UC-02,Streetwear,12720.34,"LotusWear UC-02 - Streetwear (Màu: pink, Size: S)",Everyday,S,pink,12084.33
389,LotusWear UC-03,Streetwear,11063.06,"LotusWear UC-03 - Streetwear (Màu: yellow, Size: M)",Everyday,M,yellow,10102.78
390,LotusWear UC-04,Streetwear,16691.85,"LotusWear UC-04 - Streetwear (Màu: red, Size: L)",Everyday,L,red,12462.14
391,LotusWear UC-05,Streetwear,12281.85,"LotusWear UC-05 - Streetwear (Màu: black, Size: XL)",Everyday,XL,black,7574.22
938,HanoiStreet UC-01,Streetwear,18.82,"HanoiStreet UC-01 - Streetwear (Màu: pink, Size: L)",Everyday,L,pink,12.13
939,HanoiStreet UC-02,Streetwear,4494.11,"HanoiStreet UC-02 - Streetwear (Màu: yellow, Size: XL)",Everyday,XL,yellow,4269.4
940,HanoiStreet UC-03,Streetwear,8270.44,"HanoiStreet UC-03 - Streetwear (Màu: red, Size: S)",Everyday,S,red,7856.92
941,HanoiStreet UC-04,Streetwear,11339.37,"HanoiStreet UC-04 - Streetwear (Màu: black, Size: M)",Everyday,M,black,9661.14
942,HanoiStreet UC-05,Streetwear,7413.81,"HanoiStreet UC-05 - Streetwear (Màu: orange, Size: L)",Everyday,L,orange,6891.88
943,HanoiStreet UC-06,Streetwear,8063.37,"HanoiStreet UC-06 - Streetwear (Màu: blue, Size: XL)",Everyday,XL,blue,7660.2
944,HanoiStreet UC-07,Streetwear,8971.2,"HanoiStreet UC-07 - Streetwear (Màu: white, Size: S)",Everyday,S,white,4491.88
945,HanoiStreet UC-08,Streetwear,8241.39,"HanoiStreet UC-08 - Streetwear (Màu: purple, Size: M)",Everyday,M,purple,7829.32
946,HanoiStreet UC-09,Streetwear,8360.99,"HanoiStreet UC-09 - Streetwear (Màu: green, Size: L)",Everyday,L,green,4980.64
947,HanoiStreet UC-10,Streetwear,8472.12,"HanoiStreet UC-10 - Streetwear (Màu: silver, Size: XL)",Everyday,XL,silver,7214.86
948,HanoiStreet UC-11,Streetwear,9063.35,"HanoiStreet UC-11 - Streetwear (Màu: pink, Size: S)",Everyday,S,pink,5344.66
949,HanoiStreet UC-12,Streetwear,15434.37,"HanoiStreet UC-12 - Streetwear (Màu: yellow, Size: M)",Everyday,M,yellow,14662.65
950,HanoiStreet UC-13,Streetwear,17009.37,"HanoiStreet UC-13 - Streetwear (Màu: red, Size: L)",Everyday,L,red,10601.94
951,HanoiStreet UC-14,Streetwear,59.52,"HanoiStreet UC-14 - Streetwear (Màu: black, Size: XL)",Everyday,XL,black,34.96
952,HanoiStreet UC-15,Streetwear,3321.45,"HanoiStreet UC-15 - Streetwear (Màu: orange, Size: S)",Everyday,S,orange,3155.37
953,HanoiStreet UC-16,Streetwear,30.26,"HanoiStreet UC-16 - Streetwear (Màu: blue, Size: M)",Everyday,M,blue,17.46
954,HanoiStreet UC-17,Streetwear,8325.94,"HanoiStreet UC-17 - Streetwear (Màu: white, Size: L)",Everyday,L,white,7430.9
955,HanoiStreet UC-18,Streetwear,9605.66,"HanoiStreet UC-18 - Streetwear (Màu: purple, Size: XL)",Everyday,XL,purple,6085.19
956,HanoiStreet UC-19,Streetwear,9913.23,"HanoiStreet UC-19 - Streetwear (Màu: green, Size: S)",Everyday,S,green,9417.57
957,HanoiStreet UC-20,Streetwear,9761.42,"HanoiStreet UC-20 - Streetwear (Màu: silver, Size: M)",Everyday,M,silver,6531.36
958,HanoiStreet UC-21,Streetwear,8992.78,"HanoiStreet UC-21 - Streetwear (Màu: pink, Size: L)",Everyday,L,pink,5238.3
959,HanoiStreet UC-22,Streetwear,10276.12,"HanoiStreet UC-22 - Streetwear (Màu: yellow, Size: XL)",Everyday,XL,yellow,6593.16
960,HanoiStreet UC-23,Streetwear,34.02,"HanoiStreet UC-23 - Streetwear (Màu: red, Size: S)",Everyday,S,red,20.9
961,HanoiStreet UC-24,Streetwear,18.73,"HanoiStreet UC-24 - Streetwear (Màu: black, Size: M)",Everyday,M,black,11.07
962,HanoiStreet UC-25,Streetwear,5887.01,"HanoiStreet UC-25 - Streetwear (Màu: orange, Size: L)",Everyday,L,orange,5592.66
963,HanoiStreet UC-26,Streetwear,5122.76,"HanoiStreet UC-26 - Streetwear (Màu: blue, Size: XL)",Everyday,XL,blue,2717.11
964,HanoiStreet UC-27,Streetwear,3906.51,"HanoiStreet UC-27 - Streetwear (Màu: white, Size: S)",Everyday,S,white,2223.98
965,HanoiStreet UC-28,Streetwear,6039.66,"HanoiStreet UC-28 - Streetwear (Màu: purple, Size: M)",Everyday,M,purple,3816.46
966,HanoiStreet UC-29,Streetwear,5858.24,"HanoiStreet UC-29 - Streetwear (Màu: green, Size: L)",Everyday,L,green,3333.34
967,HanoiStreet UC-30,Streetwear,8161.48,"HanoiStreet UC-30 - Streetwear (Màu: silver, Size: XL)",Everyday,XL,silver,6491.64
968,HanoiStreet UC-31,Streetwear,8354.88,"HanoiStreet UC-31 - Streetwear (Màu: pink, Size: S)",Everyday,S,pink,7937.13
969,HanoiStreet UC-32,Streetwear,5039.37,"HanoiStreet UC-32 - Streetwear (Màu: yellow, Size: M)",Everyday,M,yellow,3478.68
970,HanoiStreet UC-33,Streetwear,26.64,"HanoiStreet UC-33 - Streetwear (Màu: red, Size: L)",Everyday,L,red,14.72
971,HanoiStreet UC-34,Streetwear,15434.37,"HanoiStreet UC-34 - Streetwear (Màu: black, Size: XL)",Everyday,XL,black,14662.65
972,HanoiStreet UC-35,Streetwear,8000.37,"HanoiStreet UC-35 - Streetwear (Màu: orange, Size: S)",Everyday,S,orange,5880.27
973,HanoiStreet UC-36,Streetwear,7486.73,"HanoiStreet UC-36 - Streetwear (Màu: blue, Size: M)",Everyday,M,blue,4697.92
974,HanoiStreet UC-37,Streetwear,8151.27,"HanoiStreet UC-37 - Streetwear (Màu: white, Size: L)",Everyday,L,white,6372.66
975,HanoiStreet UC-38,Streetwear,8846.74,"HanoiStreet UC-38 - Streetwear (Màu: purple, Size: XL)",Everyday,XL,purple,8404.4
976,HanoiStreet UC-39,Streetwear,3962.16,"HanoiStreet UC-39 - Streetwear (Màu: green, Size: S)",Everyday,S,green,3764.05
977,HanoiStreet UC-40,Streetwear,5978.2,"HanoiStreet UC-40 - Streetwear (Màu: silver, Size: M)",Everyday,M,silver,4912.88
978,HanoiStreet UC-41,Streetwear,9462.73,"HanoiStreet UC-41 - Streetwear (Màu: pink, Size: L)",Everyday,L,pink,7198.3
979,HanoiStreet UC-42,Streetwear,4727.33,"HanoiStreet UC-42 - Streetwear (Màu: yellow, Size: XL)",Everyday,XL,yellow,4490.97
980,HanoiStreet UC-43,Streetwear,4989.87,"HanoiStreet UC-43 - Streetwear (Màu: red, Size: S)",Everyday,S,red,4740.38
981,HanoiStreet UC-44,Streetwear,2032.93,"HanoiStreet UC-44 - Streetwear (Màu: black, Size: M)",Everyday,M,black,1931.28
982,HanoiStreet UC-45,Streetwear,17194.15,"HanoiStreet UC-45 - Streetwear (Màu: orange, Size: L)",Everyday,L,orange,15180.71
983,HanoiStreet UC-46,Streetwear,5354.37,"HanoiStreet UC-46 - Streetwear (Màu: blue, Size: XL)",Everyday,XL,blue,5086.65
984,HanoiStreet UC-47,Streetwear,34.62,"HanoiStreet UC-47 - Streetwear (Màu: white, Size: S)",Everyday,S,white,19.58
985,HanoiStreet UC-48,Streetwear,9262.5,"HanoiStreet UC-48 - Streetwear (Màu: purple, Size: M)",Everyday,M,purple,5465.8
986,HanoiStreet UC-49,Streetwear,4409.37,"HanoiStreet UC-49 - Streetwear (Màu: green, Size: L)",Everyday,L,green,2725.43
987,HanoiStreet UC-50,Streetwear,20.9,"HanoiStreet UC-50 - Streetwear (Màu: silver, Size: XL)",Everyday,XL,silver,12.99
988,HanoiStreet UC-51,Streetwear,38.49,"HanoiStreet UC-51 - Streetwear (Màu: pink, Size: S)",Everyday,S,pink,23.7
989,HanoiStreet UC-52,Streetwear,5262.47,"HanoiStreet UC-52 - Streetwear (Màu: yellow, Size: M)",Everyday,M,yellow,2638.6
990,HanoiStreet UC-53,Streetwear,5403.09,"HanoiStreet UC-53 - Streetwear (Màu: red, Size: L)",Everyday,L,red,3895.09
991,HanoiStreet UC-54,Streetwear,26.04,"HanoiStreet UC-54 - Streetwear (Màu: black, Size: XL)",Everyday,XL,black,14.39
992,HanoiStreet UC-55,Streetwear,3453.46,"HanoiStreet UC-55 - Streetwear (Màu: orange, Size: S)",Everyday,S,orange,2504.79
993,HanoiStreet UC-56,Streetwear,4262.35,"HanoiStreet UC-56 - Streetwear (Màu: blue, Size: M)",Everyday,M,blue,3732.12
994,HanoiStreet UC-57,Streetwear,5821.2,"HanoiStreet UC-57 - Streetwear (Màu: white, Size: L)",Everyday,L,white,3037.5
995,HanoiStreet UC-58,Streetwear,7071.59,"HanoiStreet UC-58 - Streetwear (Màu: purple, Size: XL)",Everyday,XL,purple,6718.01
996,HanoiStreet UC-59,Streetwear,8557.11,"HanoiStreet UC-59 - Streetwear (Màu: green, Size: S)",Everyday,S,green,6923.55
997,HanoiStreet UC-60,Streetwear,9456.75,"HanoiStreet UC-60 - Streetwear (Màu: silver, Size: M)",Everyday,M,silver,7530.41
998,HanoiStreet UC-61,Streetwear,8613.57,"HanoiStreet UC-61 - Streetwear (Màu: pink, Size: L)",Everyday,L,pink,5197.43
999,HanoiStreet UC-62,Streetwear,9245.03,"HanoiStreet UC-62 - Streetwear (Màu: yellow, Size: XL)",Everyday,XL,yellow,5388.93
1029,MekongStyle UC-01,Streetwear,14486.85,"MekongStyle UC-01 - Streetwear (Màu: yellow, Size: M)",Everyday,M,yellow,13762.51
1030,MekongStyle UC-02,Streetwear,29.47,"MekongStyle UC-02 - Streetwear (Màu: red, Size: L)",Everyday,L,red,16.86
1031,MekongStyle UC-03,Streetwear,12596.85,"MekongStyle UC-03 - Streetwear (Màu: black, Size: XL)",Everyday,XL,black,11885.13
1032,MekongStyle UC-04,Streetwear,26.03,"MekongStyle UC-04 - Streetwear (Màu: orange, Size: S)",Everyday,S,orange,14.92
1033,MekongStyle UC-05,Streetwear,12136.39,"MekongStyle UC-05 - Streetwear (Màu: blue, Size: M)",Everyday,M,blue,8029.44
1034,MekongStyle UC-06,Streetwear,10885.35,"MekongStyle UC-06 - Streetwear (Màu: white, Size: L)",Everyday,L,white,10341.08
1035,MekongStyle UC-07,Streetwear,14486.85,"MekongStyle UC-07 - Streetwear (Màu: purple, Size: XL)",Everyday,XL,purple,12723.8
1036,MekongStyle UC-08,Streetwear,69.47,"MekongStyle UC-08 - Streetwear (Màu: green, Size: S)",Everyday,S,green,42.88
1037,MekongStyle UC-09,Streetwear,17006.85,"MekongStyle UC-09 - Streetwear (Màu: silver, Size: M)",Everyday,M,silver,13571.47
1038,MekongStyle UC-10,Streetwear,32.94,"MekongStyle UC-10 - Streetwear (Màu: pink, Size: L)",Everyday,L,pink,18.18
1039,MekongStyle UC-11,Streetwear,21.69,"MekongStyle UC-11 - Streetwear (Màu: yellow, Size: XL)",Everyday,XL,yellow,12.16
1040,MekongStyle UC-12,Streetwear,13324.98,"MekongStyle UC-12 - Streetwear (Màu: red, Size: S)",Everyday,S,red,9943.1
1041,MekongStyle UC-13,Streetwear,11954.96,"MekongStyle UC-13 - Streetwear (Màu: black, Size: M)",Everyday,M,black,6095.84
1042,MekongStyle UC-14,Streetwear,14486.85,"MekongStyle UC-14 - Streetwear (Màu: orange, Size: L)",Everyday,L,orange,11301.19
1199,MekongFit UC-01,Streetwear,1637.37,"MekongFit UC-01 - Streetwear (Màu: yellow, Size: XL)",Everyday,XL,yellow,1262.25
1200,MekongFit UC-02,Streetwear,1243.94,"MekongFit UC-02 - Streetwear (Màu: red, Size: S)",Everyday,S,red,895.26
1201,MekongFit UC-03,Streetwear,6929.37,"MekongFit UC-03 - Streetwear (Màu: black, Size: M)",Everyday,M,black,6443.62
1202,MekongFit UC-04,Streetwear,7253.1,"MekongFit UC-04 - Streetwear (Màu: orange, Size: L)",Everyday,L,orange,6218.08
1203,MekongFit UC-05,Streetwear,3885.7,"MekongFit UC-05 - Streetwear (Màu: blue, Size: XL)",Everyday,XL,blue,3634.69
1204,MekongFit UC-06,Streetwear,4808.37,"MekongFit UC-06 - Streetwear (Màu: white, Size: S)",Everyday,S,white,4567.95
1205,MekongFit UC-07,Streetwear,4409.37,"MekongFit UC-07 - Streetwear (Màu: purple, Size: M)",Everyday,M,purple,3289.39
1206,MekongFit UC-08,Streetwear,6110.37,"MekongFit UC-08 - Streetwear (Màu: green, Size: L)",Everyday,L,green,5286.08
1207,MekongFit UC-09,Streetwear,8323.85,"MekongFit UC-09 - Streetwear (Màu: silver, Size: XL)",Everyday,XL,silver,7907.66
1208,MekongFit UC-10,Streetwear,46.02,"MekongFit UC-10 - Streetwear (Màu: pink, Size: S)",Everyday,S,pink,28.99
1209,MekongFit UC-11,Streetwear,20.32,"MekongFit UC-11 - Streetwear (Màu: yellow, Size: M)",Everyday,M,yellow,11.54
1210,MekongFit UC-12,Streetwear,7044.87,"MekongFit UC-12 - Streetwear (Màu: red, Size: L)",Everyday,L,red,6692.63
1211,MekongFit UC-13,Streetwear,8670.87,"MekongFit UC-13 - Streetwear (Màu: black, Size: XL)",Everyday,XL,black,8237.33
1212,MekongFit UC-14,Streetwear,4947.39,"MekongFit UC-14 - Streetwear (Màu: orange, Size: S)",Everyday,S,orange,3803.06
1213,MekongFit UC-15,Streetwear,6198.43,"MekongFit UC-15 - Streetwear (Màu: blue, Size: M)",Everyday,M,blue,4649.45
1214,MekongFit UC-16,Streetwear,8189.37,"MekongFit UC-16 - Streetwear (Màu: white, Size: L)",Everyday,L,white,4614.71
1215,MekongFit UC-17,Streetwear,4138.55,"MekongFit UC-17 - Streetwear (Màu: purple, Size: XL)",Everyday,XL,purple,2641.64
1216,MekongFit UC-18,Streetwear,36.0,"MekongFit UC-18 - Streetwear (Màu: green, Size: S)",Everyday,S,green,22.15
1217,MekongFit UC-19,Streetwear,7001.43,"MekongFit UC-19 - Streetwear (Màu: silver, Size: M)",Everyday,M,silver,5863.69
1218,MekongFit UC-20,Streetwear,15.12,"MekongFit UC-20 - Streetwear (Màu: pink, Size: L)",Everyday,L,pink,8.68
1219,MekongFit UC-21,Streetwear,19.47,"MekongFit UC-21 - Streetwear (Màu: yellow, Size: XL)",Everyday,XL,yellow,10.9
1220,MekongFit UC-22,Streetwear,7693.69,"MekongFit UC-22 - Streetwear (Màu: red, Size: S)",Everyday,S,red,5870.29
1221,MekongFit UC-23,Streetwear,9335.13,"MekongFit UC-23 - Streetwear (Màu: black, Size: M)",Everyday,M,black,8663.0
1222,MekongFit UC-24,Streetwear,35.83,"MekongFit UC-24 - Streetwear (Màu: orange, Size: L)",Everyday,L,orange,20.58
1223,MekongFit UC-25,Streetwear,4751.0,"MekongFit UC-25 - Streetwear (Màu: blue, Size: XL)",Everyday,XL,blue,4513.45
1224,MekongFit UC-26,Streetwear,44.5,"MekongFit UC-26 - Streetwear (Màu: white, Size: S)",Everyday,S,white,27.69
1225,MekongFit UC-27,Streetwear,2511.5,"MekongFit UC-27 - Streetwear (Màu: purple, Size: M)",Everyday,M,purple,2353.77
1226,MekongFit UC-28,Streetwear,6689.1,"MekongFit UC-28 - Streetwear (Màu: green, Size: L)",Everyday,L,green,5573.36
1227,MekongFit UC-29,Streetwear,3804.0,"MekongFit UC-29 - Streetwear (Màu: silver, Size: XL)",Everyday,XL,silver,3196.5
1228,MekongFit UC-30,Streetwear,1644.43,"MekongFit UC-30 - Streetwear (Màu: pink, Size: S)",Everyday,S,pink,1030.24
1229,MekongFit UC-31,Streetwear,3180.58,"MekongFit UC-31 - Streetwear (Màu: yellow, Size: M)",Everyday,M,yellow,2331.05
1230,MekongFit UC-32,Streetwear,5786.6,"MekongFit UC-32 - Streetwear (Màu: red, Size: L)",Everyday,L,red,3670.44
1231,MekongFit UC-33,Streetwear,9063.75,"MekongFit UC-33 - Streetwear (Màu: black, Size: XL)",Everyday,XL,black,7768.54
1232,MekongFit UC-34,Streetwear,4566.73,"MekongFit UC-34 - Streetwear (Màu: orange, Size: S)",Everyday,S,orange,4338.39
1689,NamStyle UC-01,Streetwear,2708.37,"NamStyle UC-01 - Streetwear (Màu: yellow, Size: M)",Everyday,M,yellow,1355.27
1795,SaigonCore UC-01,Streetwear,6835.12,"SaigonCore UC-01 - Streetwear (Màu: purple, Size: XL)",Everyday,XL,purple,5533.71
1796,SaigonCore UC-02,Streetwear,9002.7,"SaigonCore UC-02 - Streetwear (Màu: green, Size: S)",Everyday,S,green,7059.02
1797,SaigonCore UC-03,Streetwear,5696.86,"SaigonCore UC-03 - Streetwear (Màu: silver, Size: M)",Everyday,M,silver,3744.54
1798,SaigonCore UC-04,Streetwear,8498.7,"SaigonCore UC-04 - Streetwear (Màu: pink, Size: L)",Everyday,L,pink,5991.58
1799,SaigonCore UC-05,Streetwear,9443.7,"SaigonCore UC-05 - Streetwear (Màu: yellow, Size: XL)",Everyday,XL,yellow,8971.52
1800,SaigonCore UC-06,Streetwear,7633.08,"SaigonCore UC-06 - Streetwear (Màu: red, Size: S)",Everyday,S,red,7251.43
1801,SaigonCore UC-07,Streetwear,9474.18,"SaigonCore UC-07 - Streetwear (Màu: black, Size: M)",Everyday,M,black,7096.16
1802,SaigonCore UC-08,Streetwear,8498.7,"SaigonCore UC-08 - Streetwear (Màu: orange, Size: L)",Everyday,L,orange,7093.86
1803,SaigonCore UC-09,Streetwear,5351.85,"SaigonCore UC-09 - Streetwear (Màu: blue, Size: XL)",Everyday,XL,blue,4369.25
1804,SaigonCore UC-10,Streetwear,8096.86,"SaigonCore UC-10 - Streetwear (Màu: white, Size: S)",Everyday,S,white,5747.15
1805,SaigonCore UC-11,Streetwear,5532.45,"SaigonCore UC-11 - Streetwear (Màu: purple, Size: M)",Everyday,M,purple,3212.14
1882,BambooCraft UC-01,Streetwear,35.47,"BambooCraft UC-01 - Streetwear (Màu: orange, Size: L)",Everyday,L,orange,22.54
1883,BambooCraft UC-02,Streetwear,9147.14,"BambooCraft UC-02 - Streetwear (Màu: blue, Size: XL)",Everyday,XL,blue,8689.78
1884,BambooCraft UC-03,Streetwear,10289.23,"BambooCraft UC-03 - Streetwear (Màu: white, Size: S)",Everyday,S,white,8385.72
1885,BambooCraft UC-04,Streetwear,10079.37,"BambooCraft UC-04 - Streetwear (Màu: purple, Size: M)",Everyday,M,purple,8501.95
1886,BambooCraft UC-05,Streetwear,10602.99,"BambooCraft UC-05 - Streetwear (Màu: green, Size: L)",Everyday,L,green,8157.94
1887,BambooCraft UC-06,Streetwear,31.62,"BambooCraft UC-06 - Streetwear (Màu: silver, Size: XL)",Everyday,XL,silver,20.02
1888,BambooCraft UC-07,Streetwear,10940.58,"BambooCraft UC-07 - Streetwear (Màu: pink, Size: S)",Everyday,S,pink,10050.02
1889,BambooCraft UC-08,Streetwear,8251.84,"BambooCraft UC-08 - Streetwear (Màu: yellow, Size: M)",Everyday,M,yellow,7839.25
1890,BambooCraft UC-09,Streetwear,29.36,"BambooCraft UC-09 - Streetwear (Màu: red, Size: L)",Everyday,L,red,17.31
1891,BambooCraft UC-10,Streetwear,8630.37,"BambooCraft UC-10 - Streetwear (Màu: black, Size: XL)",Everyday,XL,black,5459.57
1892,BambooCraft UC-11,Streetwear,10488.37,"BambooCraft UC-11 - Streetwear (Màu: orange, Size: S)",Everyday,S,orange,9963.95
1893,BambooCraft UC-12,Streetwear,8686.74,"BambooCraft UC-12 - Streetwear (Màu: blue, Size: M)",Everyday,M,blue,7189.14
1894,BambooCraft UC-13,Streetwear,8725.29,"BambooCraft UC-13 - Streetwear (Màu: white, Size: L)",Everyday,L,white,4900.12
1895,BambooCraft UC-14,Streetwear,9014.52,"BambooCraft UC-14 - Streetwear (Màu: purple, Size: XL)",Everyday,XL,purple,8563.79
1896,BambooCraft UC-15,Streetwear,8833.76,"BambooCraft UC-15 - Streetwear (Màu: green, Size: S)",Everyday,S,green,7271.95
1897,BambooCraft UC-16,Streetwear,8661.22,"BambooCraft UC-16 - Streetwear (Màu: silver, Size: M)",Everyday,M,silver,4709.1
1898,BambooCraft UC-17,Streetwear,12242.04,"BambooCraft UC-17 - Streetwear (Màu: pink, Size: L)",Everyday,L,pink,11629.94
1899,BambooCraft UC-18,Streetwear,11430.58,"BambooCraft UC-18 - Streetwear (Màu: yellow, Size: XL)",Everyday,XL,yellow,10859.05
1900,BambooCraft UC-19,Streetwear,18.33,"BambooCraft UC-19 - Streetwear (Màu: red, Size: S)",Everyday,S,red,11.31
1901,BambooCraft UC-20,Streetwear,9899.93,"BambooCraft UC-20 - Streetwear (Màu: black, Size: M)",Everyday,M,black,9404.94
1902,BambooCraft UC-21,Streetwear,19529.37,"BambooCraft UC-21 - Streetwear (Màu: orange, Size: L)",Everyday,L,orange,16287.49
1903,BambooCraft UC-22,Streetwear,9629.86,"BambooCraft UC-22 - Streetwear (Màu: blue, Size: XL)",Everyday,XL,blue,9148.36
1904,BambooCraft UC-23,Streetwear,8222.53,"BambooCraft UC-23 - Streetwear (Màu: white, Size: S)",Everyday,S,white,5716.3
1905,BambooCraft UC-24,Streetwear,11412.15,"BambooCraft UC-24 - Streetwear (Màu: purple, Size: M)",Everyday,M,purple,8450.69
1906,BambooCraft UC-25,Streetwear,8808.87,"BambooCraft UC-25 - Streetwear (Màu: green, Size: L)",Everyday,L,green,7972.03
1907,BambooCraft UC-26,Streetwear,12729.08,"BambooCraft UC-26 - Streetwear (Màu: silver, Size: XL)",Everyday,XL,silver,6993.36
2066,UrbanVN UC-01,Streetwear,4537.14,"UrbanVN UC-01 - Streetwear (Màu: green, Size: L)",Everyday,L,green,3082.08
2067,UrbanVN UC-02,Streetwear,6547.55,"UrbanVN UC-02 - Streetwear (Màu: silver, Size: XL)",Everyday,XL,silver,6220.17
2068,UrbanVN UC-03,Streetwear,24.83,"UrbanVN UC-03 - Streetwear (Màu: pink, Size: S)",Everyday,S,pink,14.17
2069,UrbanVN UC-04,Streetwear,6299.37,"UrbanVN UC-04 - Streetwear (Màu: yellow, Size: M)",Everyday,M,yellow,5984.4
2070,UrbanVN UC-05,Streetwear,6299.11,"UrbanVN UC-05 - Streetwear (Màu: red, Size: L)",Everyday,L,red,5095.98
2071,UrbanVN UC-06,Streetwear,4194.77,"UrbanVN UC-06 - Streetwear (Màu: black, Size: XL)",Everyday,XL,black,2699.75
2072,UrbanVN UC-07,Streetwear,27.54,"UrbanVN UC-07 - Streetwear (Màu: orange, Size: S)",Everyday,S,orange,15.96
2073,UrbanVN UC-08,Streetwear,4327.89,"UrbanVN UC-08 - Streetwear (Màu: blue, Size: M)",Everyday,M,blue,4111.49
2074,UrbanVN UC-09,Streetwear,4031.37,"UrbanVN UC-09 - Streetwear (Màu: white, Size: L)",Everyday,L,white,2954.19
2075,UrbanVN UC-10,Streetwear,5543.37,"UrbanVN UC-10 - Streetwear (Màu: purple, Size: XL)",Everyday,XL,purple,4112.63
2076,UrbanVN UC-11,Streetwear,8618.81,"UrbanVN UC-11 - Streetwear (Màu: green, Size: S)",Everyday,S,green,8187.87
2077,UrbanVN UC-12,Streetwear,4480.88,"UrbanVN UC-12 - Streetwear (Màu: silver, Size: M)",Everyday,M,silver,2845.36
2078,UrbanVN UC-13,Streetwear,6929.37,"UrbanVN UC-13 - Streetwear (Màu: pink, Size: L)",Everyday,L,pink,4147.23
2079,UrbanVN UC-14,Streetwear,6564.19,"UrbanVN UC-14 - Streetwear (Màu: yellow, Size: XL)",Everyday,XL,yellow,6235.98
2080,UrbanVN UC-15,Streetwear,6929.37,"UrbanVN UC-15 - Streetwear (Màu: red, Size: S)",Everyday,S,red,3718.99
2081,UrbanVN UC-16,Streetwear,2708.37,"UrbanVN UC-16 - Streetwear (Màu: black, Size: M)",Everyday,M,black,2432.12
2082,UrbanVN UC-17,Streetwear,4066.09,"UrbanVN UC-17 - Streetwear (Màu: orange, Size: L)",Everyday,L,orange,3089.42
2083,UrbanVN UC-18,Streetwear,3872.08,"UrbanVN UC-18 - Streetwear (Màu: blue, Size: XL)",Everyday,XL,blue,3180.91
2084,UrbanVN UC-19,Streetwear,8001.93,"UrbanVN UC-19 - Streetwear (Màu: white, Size: S)",Everyday,S,white,7425.79
2085,UrbanVN UC-20,Streetwear,8000.37,"UrbanVN UC-20 - Streetwear (Màu: purple, Size: M)",Everyday,M,purple,7600.35
2086,UrbanVN UC-21,Streetwear,2916.65,"UrbanVN UC-21 - Streetwear (Màu: green, Size: L)",Everyday,L,green,2528.45
2087,UrbanVN UC-22,Streetwear,8712.53,"UrbanVN UC-22 - Streetwear (Màu: silver, Size: XL)",Everyday,XL,silver,7795.1
2088,UrbanVN UC-23,Streetwear,7055.37,"UrbanVN UC-23 - Streetwear (Màu: pink, Size: S)",Everyday,S,pink,6285.63
2089,UrbanVN UC-24,Streetwear,9449.37,"UrbanVN UC-24 - Streetwear (Màu: yellow, Size: M)",Everyday,M,yellow,5547.73
2090,UrbanVN UC-25,Streetwear,4301.7,"UrbanVN UC-25 - Streetwear (Màu: red, Size: L)",Everyday,L,red,3533.85
2091,UrbanVN UC-26,Streetwear,2020.0,"UrbanVN UC-26 - Streetwear (Màu: black, Size: XL)",Everyday,XL,black,1168.16
2092,UrbanVN UC-27,Streetwear,4099.84,"UrbanVN UC-27 - Streetwear (Màu: orange, Size: S)",Everyday,S,orange,3894.85
2093,UrbanVN UC-28,Streetwear,5324.79,"UrbanVN UC-28 - Streetwear (Màu: blue, Size: M)",Everyday,M,blue,3625.12
2094,UrbanVN UC-29,Streetwear,5259.78,"UrbanVN UC-29 - Streetwear (Màu: white, Size: L)",Everyday,L,white,4996.79
2095,UrbanVN UC-30,Streetwear,50.54,"UrbanVN UC-30 - Streetwear (Màu: purple, Size: XL)",Everyday,XL,purple,32.33
2096,UrbanVN UC-31,Streetwear,37.99,"UrbanVN UC-31 - Streetwear (Màu: green, Size: S)",Everyday,S,green,20.95
2171,PhoenixWear UC-01,Streetwear,5395.67,"PhoenixWear UC-01 - Streetwear (Màu: black, Size: XL)",Everyday,XL,black,3942.08
2172,PhoenixWear UC-02,Streetwear,16.36,"PhoenixWear UC-02 - Streetwear (Màu: orange, Size: S)",Everyday,S,orange,9.14
2173,PhoenixWear UC-03,Streetwear,9084.63,"PhoenixWear UC-03 - Streetwear (Màu: blue, Size: M)",Everyday,M,blue,6667.21
2174,PhoenixWear UC-04,Streetwear,5039.37,"PhoenixWear UC-04 - Streetwear (Màu: white, Size: L)",Everyday,L,white,2880.5
2175,PhoenixWear UC-05,Streetwear,5666.85,"PhoenixWear UC-05 - Streetwear (Màu: purple, Size: XL)",Everyday,XL,purple,3381.41
2176,PhoenixWear UC-06,Streetwear,8819.37,"PhoenixWear UC-06 - Streetwear (Màu: green, Size: S)",Everyday,S,green,7504.4
2177,PhoenixWear UC-07,Streetwear,7876.34,"PhoenixWear UC-07 - Streetwear (Màu: silver, Size: M)",Everyday,M,silver,5431.52
2178,PhoenixWear UC-08,Streetwear,10331.37,"PhoenixWear UC-08 - Streetwear (Màu: pink, Size: L)",Everyday,L,pink,9814.8
2179,PhoenixWear UC-09,Streetwear,9154.69,"PhoenixWear UC-09 - Streetwear (Màu: yellow, Size: XL)",Everyday,XL,yellow,7143.41
2180,PhoenixWear UC-10,Streetwear,5147.28,"PhoenixWear UC-10 - Streetwear (Màu: red, Size: S)",Everyday,S,red,4889.92
2181,PhoenixWear UC-11,Streetwear,9449.37,"PhoenixWear UC-11 - Streetwear (Màu: black, Size: M)",Everyday,M,black,8976.9
2182,PhoenixWear UC-12,Streetwear,9449.37,"PhoenixWear UC-12 - Streetwear (Màu: orange, Size: L)",Everyday,L,orange,8976.9
2183,PhoenixWear UC-13,Streetwear,8685.85,"PhoenixWear UC-13 - Streetwear (Màu: blue, Size: XL)",Everyday,XL,blue,8251.56
2184,PhoenixWear UC-14,Streetwear,10003.17,"PhoenixWear UC-14 - Streetwear (Màu: white, Size: S)",Everyday,S,white,9503.01
2185,PhoenixWear UC-15,Streetwear,10064.3,"PhoenixWear UC-15 - Streetwear (Màu: purple, Size: M)",Everyday,M,purple,6988.65
2186,PhoenixWear UC-16,Streetwear,5332.65,"PhoenixWear UC-16 - Streetwear (Màu: green, Size: L)",Everyday,L,green,4611.67
2353,VietMotion UC-01,Streetwear,5207.48,"VietMotion UC-01 - Streetwear (Màu: blue, Size: M)",Everyday,M,blue,4504.99
2354,VietMotion UC-02,Streetwear,4403.3,"VietMotion UC-02 - Streetwear (Màu: white, Size: L)",Everyday,L,white,4183.14
2355,VietMotion UC-03,Streetwear,7179.43,"VietMotion UC-03 - Streetwear (Màu: purple, Size: XL)",Everyday,XL,purple,5081.6
2356,VietMotion UC-04,Streetwear,8744.4,"VietMotion UC-04 - Streetwear (Màu: green, Size: S)",Everyday,S,green,5883.23
2357,VietMotion UC-05,Streetwear,37.7,"VietMotion UC-05 - Streetwear (Màu: silver, Size: M)",Everyday,M,silver,21.52
2358,VietMotion UC-06,Streetwear,28.39,"VietMotion UC-06 - Streetwear (Màu: pink, Size: L)",Everyday,L,pink,15.69
2359,VietMotion UC-07,Streetwear,5399.83,"VietMotion UC-07 - Streetwear (Màu: yellow, Size: XL)",Everyday,XL,yellow,3136.76
2360,VietMotion UC-08,Streetwear,7081.98,"VietMotion UC-08 - Streetwear (Màu: red, Size: S)",Everyday,S,red,5403.55
2361,VietMotion UC-09,Streetwear,7197.01,"VietMotion UC-09 - Streetwear (Màu: black, Size: M)",Everyday,M,black,6837.16
2362,VietMotion UC-10,Streetwear,25.26,"VietMotion UC-10 - Streetwear (Màu: orange, Size: L)",Everyday,L,orange,14.35
2363,VietMotion UC-11,Streetwear,11768.96,"VietMotion UC-11 - Streetwear (Màu: blue, Size: XL)",Everyday,XL,blue,11180.51
2364,VietMotion UC-12,Streetwear,42.3,"VietMotion UC-12 - Streetwear (Màu: white, Size: S)",Everyday,S,white,25.73
2365,VietMotion UC-13,Streetwear,6423.1,"VietMotion UC-13 - Streetwear (Màu: purple, Size: M)",Everyday,M,purple,4688.22
2366,VietMotion UC-14,Streetwear,5124.65,"VietMotion UC-14 - Streetwear (Màu: green, Size: L)",Everyday,L,green,4868.42
2367,VietMotion UC-15,Streetwear,5855.09,"VietMotion UC-15 - Streetwear (Màu: silver, Size: XL)",Everyday,XL,silver,3272.41
2368,VietMotion UC-16,Streetwear,9060.46,"VietMotion UC-16 - Streetwear (Màu: pink, Size: S)",Everyday,S,pink,5234.23
2369,VietMotion UC-17,Streetwear,5168.69,"VietMotion UC-17 - Streetwear (Màu: yellow, Size: M)",Everyday,M,yellow,2624.14
2370,VietMotion UC-18,Streetwear,8898.12,"VietMotion UC-18 - Streetwear (Màu: red, Size: L)",Everyday,L,red,4748.93
2371,VietMotion UC-19,Streetwear,6958.3,"VietMotion UC-19 - Streetwear (Màu: black, Size: XL)",Everyday,XL,black,4658.58
2372,VietMotion UC-20,Streetwear,4787.37,"VietMotion UC-20 - Streetwear (Màu: orange, Size: S)",Everyday,S,orange,2481.77
2373,VietMotion UC-21,Streetwear,7213.41,"VietMotion UC-21 - Streetwear (Màu: blue, Size: M)",Everyday,M,blue,4297.75
2374,VietMotion UC-22,Streetwear,7830.72,"VietMotion UC-22 - Streetwear (Màu: white, Size: L)",Everyday,L,white,5726.61
2375,VietMotion UC-23,Streetwear,8378.37,"VietMotion UC-23 - Streetwear (Màu: purple, Size: XL)",Everyday,XL,purple,5122.54
2376,VietMotion UC-24,Streetwear,8381.72,"VietMotion UC-24 - Streetwear (Màu: green, Size: S)",Everyday,S,green,7962.63
2377,VietMotion UC-25,Streetwear,10451.7,"VietMotion UC-25 - Streetwear (Màu: silver, Size: M)",Everyday,M,silver,9744.12
2378,VietMotion UC-26,Streetwear,9752.4,"VietMotion UC-26 - Streetwear (Màu: pink, Size: L)",Everyday,L,pink,9264.78
2379,VietMotion UC-27,Streetwear,2324.01,"VietMotion UC-27 - Streetwear (Màu: yellow, Size: XL)",Everyday,XL,yellow,2207.81
2380,VietMotion UC-28,Streetwear,3754.71,"VietMotion UC-28 - Streetwear (Màu: red, Size: S)",Everyday,S,red,2446.94
2381,VietMotion UC-29,Streetwear,7536.5,"VietMotion UC-29 - Streetwear (Màu: black, Size: M)",Everyday,M,black,7159.68
2382,VietMotion UC-30,Streetwear,50.02,"VietMotion UC-30 - Streetwear (Màu: orange, Size: L)",Everyday,L,orange,29.62
2383,VietMotion UC-31,Streetwear,48.06,"VietMotion UC-31 - Streetwear (Màu: blue, Size: XL)",Everyday,XL,blue,30.73
2384,VietMotion UC-32,Streetwear,7792.53,"VietMotion UC-32 - Streetwear (Màu: white, Size: S)",Everyday,S,white,4305.37
2385,VietMotion UC-33,Streetwear,9105.6,"VietMotion UC-33 - Streetwear (Màu: purple, Size: M)",Everyday,M,purple,6343.87
2386,VietMotion UC-34,Streetwear,23.67,"VietMotion UC-34 - Streetwear (Màu: green, Size: L)",Everyday,L,green,14.95
2387,VietMotion UC-35,Streetwear,6091.45,"VietMotion UC-35 - Streetwear (Màu: silver, Size: XL)",Everyday,XL,silver,4494.27
2388,VietMotion UC-36,Streetwear,3825.87,"VietMotion UC-36 - Streetwear (Màu: pink, Size: S)",Everyday,S,pink,2462.33
2389,VietMotion UC-37,Streetwear,10194.3,"VietMotion UC-37 - Streetwear (Màu: yellow, Size: M)",Everyday,M,yellow,9156.52
2390,VietMotion UC-38,Streetwear,29.26,"VietMotion UC-38 - Streetwear (Màu: red, Size: L)",Everyday,L,red,17.09
2391,VietMotion UC-39,Streetwear,9057.27,"VietMotion UC-39 - Streetwear (Màu: black, Size: XL)",Everyday,XL,black,8604.4
173,DragonWear UE-01,Streetwear,12869.2,"DragonWear UE-01 - Streetwear (Màu: blue, Size: M)",Performance,M,blue,10770.23
174,DragonWear UE-02,Streetwear,8386.03,"DragonWear UE-02 - Streetwear (Màu: white, Size: L)",Performance,L,white,7570.07
175,DragonWear UE-03,Streetwear,7553.7,"DragonWear UE-03 - Streetwear (Màu: purple, Size: XL)",Performance,XL,purple,7176.01
176,DragonWear UE-04,Streetwear,9216.9,"DragonWear UE-04 - Streetwear (Màu: green, Size: S)",Performance,S,green,7344.95
177,DragonWear UE-05,Streetwear,9443.35,"DragonWear UE-05 - Streetwear (Màu: silver, Size: M)",Performance,M,silver,8471.63
178,DragonWear UE-06,Streetwear,6268.5,"DragonWear UE-06 - Streetwear (Màu: pink, Size: L)",Performance,L,pink,3509.73
179,DragonWear UE-07,Streetwear,37.81,"DragonWear UE-07 - Streetwear (Màu: yellow, Size: XL)",Performance,XL,yellow,21.77
180,DragonWear UE-08,Streetwear,9746.47,"DragonWear UE-08 - Streetwear (Màu: red, Size: S)",Performance,S,red,9106.13
181,DragonWear UE-09,Streetwear,8498.7,"DragonWear UE-09 - Streetwear (Màu: black, Size: M)",Performance,M,black,8073.76
182,DragonWear UE-10,Streetwear,16000.57,"DragonWear UE-10 - Streetwear (Màu: orange, Size: L)",Performance,L,orange,12051.63
183,DragonWear UE-11,Streetwear,9191.45,"DragonWear UE-11 - Streetwear (Màu: blue, Size: XL)",Performance,XL,blue,8731.87
184,DragonWear UE-12,Streetwear,48.92,"DragonWear UE-12 - Streetwear (Màu: white, Size: S)",Performance,S,white,28.76
185,DragonWear UE-13,Streetwear,9741.69,"DragonWear UE-13 - Streetwear (Màu: purple, Size: M)",Performance,M,purple,5492.37
186,DragonWear UE-14,Streetwear,27.34,"DragonWear UE-14 - Streetwear (Màu: green, Size: L)",Performance,L,green,16.65
187,DragonWear UE-15,Streetwear,8798.35,"DragonWear UE-15 - Streetwear (Màu: silver, Size: XL)",Performance,XL,silver,7129.3
188,DragonWear UE-16,Streetwear,9261.0,"DragonWear UE-16 - Streetwear (Màu: pink, Size: S)",Performance,S,pink,6645.69
513,SaigonFlex UE-01,Streetwear,5635.85,"SaigonFlex UE-01 - Streetwear (Màu: blue, Size: M)",Performance,M,blue,4186.31
514,SaigonFlex UE-02,Streetwear,5606.58,"SaigonFlex UE-02 - Streetwear (Màu: white, Size: L)",Performance,L,white,4206.06
515,SaigonFlex UE-03,Streetwear,6514.16,"SaigonFlex UE-03 - Streetwear (Màu: purple, Size: XL)",Performance,XL,purple,3614.71
516,SaigonFlex UE-04,Streetwear,6653.52,"SaigonFlex UE-04 - Streetwear (Màu: green, Size: S)",Performance,S,green,3389.97
517,SaigonFlex UE-05,Streetwear,8186.85,"SaigonFlex UE-05 - Streetwear (Màu: silver, Size: M)",Performance,M,silver,6897.42
518,SaigonFlex UE-06,Streetwear,6281.42,"SaigonFlex UE-06 - Streetwear (Màu: pink, Size: L)",Performance,L,pink,3173.37
519,SaigonFlex UE-07,Streetwear,19526.85,"SaigonFlex UE-07 - Streetwear (Màu: yellow, Size: XL)",Performance,XL,yellow,9948.93
520,SaigonFlex UE-08,Streetwear,7367.85,"SaigonFlex UE-08 - Streetwear (Màu: red, Size: S)",Performance,S,red,6999.46
521,SaigonFlex UE-09,Streetwear,6740.37,"SaigonFlex UE-09 - Streetwear (Màu: black, Size: M)",Performance,M,black,5806.83
522,SaigonFlex UE-10,Streetwear,30.75,"SaigonFlex UE-10 - Streetwear (Màu: orange, Size: L)",Performance,L,orange,17.73
523,SaigonFlex UE-11,Streetwear,6819.42,"SaigonFlex UE-11 - Streetwear (Màu: blue, Size: XL)",Performance,XL,blue,6351.61
524,SaigonFlex UE-12,Streetwear,7556.85,"SaigonFlex UE-12 - Streetwear (Màu: white, Size: S)",Performance,S,white,7179.01
525,SaigonFlex UE-13,Streetwear,6289.68,"SaigonFlex UE-13 - Streetwear (Màu: purple, Size: M)",Performance,M,purple,3754.31
526,SaigonFlex UE-14,Streetwear,21.27,"SaigonFlex UE-14 - Streetwear (Màu: green, Size: L)",Performance,L,green,13.03
527,SaigonFlex UE-15,Streetwear,6485.85,"SaigonFlex UE-15 - Streetwear (Màu: silver, Size: XL)",Performance,XL,silver,5394.28
528,SaigonFlex UE-16,Streetwear,7241.85,"SaigonFlex UE-16 - Streetwear (Màu: pink, Size: S)",Performance,S,pink,4674.61
529,SaigonFlex UE-17,Streetwear,5574.45,"SaigonFlex UE-17 - Streetwear (Màu: yellow, Size: M)",Performance,M,yellow,2865.27
530,SaigonFlex UE-18,Streetwear,7519.36,"SaigonFlex UE-18 - Streetwear (Màu: red, Size: L)",Performance,L,red,5786.15
531,SaigonFlex UE-19,Streetwear,7557.78,"SaigonFlex UE-19 - Streetwear (Màu: black, Size: XL)",Performance,XL,black,7179.89
532,SaigonFlex UE-20,Streetwear,6825.53,"SaigonFlex UE-20 - Streetwear (Màu: orange, Size: S)",Performance,S,orange,5999.64
533,SaigonFlex UE-21,Streetwear,6086.91,"SaigonFlex UE-21 - Streetwear (Màu: blue, Size: M)",Performance,M,blue,3334.41
534,SaigonFlex UE-22,Streetwear,6526.87,"SaigonFlex UE-22 - Streetwear (Màu: white, Size: L)",Performance,L,white,5059.63
535,SaigonFlex UE-23,Streetwear,6485.85,"SaigonFlex UE-23 - Streetwear (Màu: purple, Size: XL)",Performance,XL,purple,5704.31
892,HanoiStreet UE-01,Streetwear,20.52,"HanoiStreet UE-01 - Streetwear (Màu: orange, Size: S)",Performance,S,orange,12.13
893,HanoiStreet UE-02,Streetwear,10520.37,"HanoiStreet UE-02 - Streetwear (Màu: blue, Size: M)",Performance,M,blue,8970.72
894,HanoiStreet UE-03,Streetwear,45.83,"HanoiStreet UE-03 - Streetwear (Màu: white, Size: L)",Performance,L,white,27.74
895,HanoiStreet UE-04,Streetwear,7118.88,"HanoiStreet UE-04 - Streetwear (Màu: purple, Size: XL)",Performance,XL,purple,4305.5
896,HanoiStreet UE-05,Streetwear,11024.37,"HanoiStreet UE-05 - Streetwear (Màu: green, Size: S)",Performance,S,green,7005.99
897,HanoiStreet UE-06,Streetwear,8438.65,"HanoiStreet UE-06 - Streetwear (Màu: silver, Size: M)",Performance,M,silver,4981.34
898,HanoiStreet UE-07,Streetwear,56.97,"HanoiStreet UE-07 - Streetwear (Màu: pink, Size: L)",Performance,L,pink,33.82
899,HanoiStreet UE-08,Streetwear,7171.24,"HanoiStreet UE-08 - Streetwear (Màu: yellow, Size: XL)",Performance,XL,yellow,6812.68
900,HanoiStreet UE-09,Streetwear,3541.48,"HanoiStreet UE-09 - Streetwear (Màu: red, Size: S)",Performance,S,red,2763.77
901,HanoiStreet UE-10,Streetwear,4913.37,"HanoiStreet UE-10 - Streetwear (Màu: black, Size: M)",Performance,M,black,3388.26
902,HanoiStreet UE-11,Streetwear,1889.37,"HanoiStreet UE-11 - Streetwear (Màu: orange, Size: L)",Performance,L,orange,1062.96
903,HanoiStreet UE-12,Streetwear,32.18,"HanoiStreet UE-12 - Streetwear (Màu: blue, Size: XL)",Performance,XL,blue,18.64
904,HanoiStreet UE-13,Streetwear,49.47,"HanoiStreet UE-13 - Streetwear (Màu: white, Size: S)",Performance,S,white,31.9
905,HanoiStreet UE-14,Streetwear,7216.91,"HanoiStreet UE-14 - Streetwear (Màu: purple, Size: M)",Performance,M,purple,5134.83
906,HanoiStreet UE-15,Streetwear,5178.67,"HanoiStreet UE-15 - Streetwear (Màu: green, Size: L)",Performance,L,green,4255.83
907,HanoiStreet UE-16,Streetwear,7343.25,"HanoiStreet UE-16 - Streetwear (Màu: silver, Size: XL)",Performance,XL,silver,6976.09
908,HanoiStreet UE-17,Streetwear,2601.28,"HanoiStreet UE-17 - Streetwear (Màu: pink, Size: S)",Performance,S,pink,2461.33
909,HanoiStreet UE-18,Streetwear,2910.24,"HanoiStreet UE-18 - Streetwear (Màu: yellow, Size: M)",Performance,M,yellow,1759.82
910,HanoiStreet UE-19,Streetwear,5226.12,"HanoiStreet UE-19 - Streetwear (Màu: red, Size: L)",Performance,L,red,4846.18
911,HanoiStreet UE-20,Streetwear,38.27,"HanoiStreet UE-20 - Streetwear (Màu: black, Size: XL)",Performance,XL,black,23.97
912,HanoiStreet UE-21,Streetwear,25.58,"HanoiStreet UE-21 - Streetwear (Màu: orange, Size: S)",Performance,S,orange,14.43
913,HanoiStreet UE-22,Streetwear,4566.49,"HanoiStreet UE-22 - Streetwear (Màu: blue, Size: M)",Performance,M,blue,2456.77
914,HanoiStreet UE-23,Streetwear,6929.37,"HanoiStreet UE-23 - Streetwear (Màu: white, Size: L)",Performance,L,white,3953.21
915,HanoiStreet UE-24,Streetwear,6677.37,"HanoiStreet UE-24 - Streetwear (Màu: purple, Size: XL)",Performance,XL,purple,6343.5
916,HanoiStreet UE-25,Streetwear,10079.37,"HanoiStreet UE-25 - Streetwear (Màu: green, Size: S)",Performance,S,green,9575.4
917,HanoiStreet UE-26,Streetwear,38.27,"HanoiStreet UE-26 - Streetwear (Màu: silver, Size: M)",Performance,M,silver,24.37
918,HanoiStreet UE-27,Streetwear,61.27,"HanoiStreet UE-27 - Streetwear (Màu: pink, Size: L)",Performance,L,pink,36.68
919,HanoiStreet UE-28,Streetwear,32.64,"HanoiStreet UE-28 - Streetwear (Màu: yellow, Size: XL)",Performance,XL,yellow,20.87
920,HanoiStreet UE-29,Streetwear,61.92,"HanoiStreet UE-29 - Streetwear (Màu: red, Size: S)",Performance,S,red,39.01
921,HanoiStreet UE-30,Streetwear,6299.37,"HanoiStreet UE-30 - Streetwear (Màu: black, Size: M)",Performance,M,black,5324.23
922,HanoiStreet UE-31,Streetwear,5687.85,"HanoiStreet UE-31 - Streetwear (Màu: orange, Size: L)",Performance,L,orange,2991.24
923,HanoiStreet UE-32,Streetwear,11.61,"HanoiStreet UE-32 - Streetwear (Màu: blue, Size: XL)",Performance,XL,blue,6.88
924,HanoiStreet UE-33,Streetwear,3853.82,"HanoiStreet UE-33 - Streetwear (Màu: white, Size: S)",Performance,S,white,3304.65
925,HanoiStreet UE-34,Streetwear,3806.73,"HanoiStreet UE-34 - Streetwear (Màu: purple, Size: M)",Performance,M,purple,3616.4
926,HanoiStreet UE-35,Streetwear,6977.85,"HanoiStreet UE-35 - Streetwear (Màu: green, Size: L)",Performance,L,green,4222.99
927,HanoiStreet UE-36,Streetwear,5860.36,"HanoiStreet UE-36 - Streetwear (Màu: silver, Size: XL)",Performance,XL,silver,5567.35
928,HanoiStreet UE-37,Streetwear,46.01,"HanoiStreet UE-37 - Streetwear (Màu: pink, Size: S)",Performance,S,pink,25.41
929,HanoiStreet UE-38,Streetwear,34.29,"HanoiStreet UE-38 - Streetwear (Màu: yellow, Size: M)",Performance,M,yellow,19.78
930,HanoiStreet UE-39,Streetwear,6577.81,"HanoiStreet UE-39 - Streetwear (Màu: red, Size: L)",Performance,L,red,6180.51
931,HanoiStreet UE-40,Streetwear,4142.9,"HanoiStreet UE-40 - Streetwear (Màu: black, Size: XL)",Performance,XL,black,3834.67
932,HanoiStreet UE-41,Streetwear,29.38,"HanoiStreet UE-41 - Streetwear (Màu: orange, Size: S)",Performance,S,orange,17.75
933,HanoiStreet UE-42,Streetwear,6929.37,"HanoiStreet UE-42 - Streetwear (Màu: blue, Size: M)",Performance,M,blue,3488.24
934,HanoiStreet UE-43,Streetwear,34.35,"HanoiStreet UE-43 - Streetwear (Màu: white, Size: L)",Performance,L,white,21.07
935,HanoiStreet UE-44,Streetwear,9448.74,"HanoiStreet UE-44 - Streetwear (Màu: purple, Size: XL)",Performance,XL,purple,7307.66
936,HanoiStreet UE-45,Streetwear,6240.31,"HanoiStreet UE-45 - Streetwear (Màu: green, Size: S)",Performance,S,green,5928.29
937,HanoiStreet UE-46,Streetwear,6299.37,"HanoiStreet UE-46 - Streetwear (Màu: silver, Size: M)",Performance,M,silver,5984.4
1165,MekongFit UE-01,Streetwear,6929.37,"MekongFit UE-01 - Streetwear (Màu: purple, Size: M)",Performance,M,purple,6582.9
1166,MekongFit UE-02,Streetwear,6410.83,"MekongFit UE-02 - Streetwear (Màu: green, Size: L)",Performance,L,green,4801.07
1167,MekongFit UE-03,Streetwear,3123.12,"MekongFit UE-03 - Streetwear (Màu: silver, Size: XL)",Performance,XL,silver,1696.17
1168,MekongFit UE-04,Streetwear,4290.58,"MekongFit UE-04 - Streetwear (Màu: pink, Size: S)",Performance,S,pink,4000.1
1169,MekongFit UE-05,Streetwear,5039.37,"MekongFit UE-05 - Streetwear (Màu: yellow, Size: M)",Performance,M,yellow,4378.71
1170,MekongFit UE-06,Streetwear,5606.37,"MekongFit UE-06 - Streetwear (Màu: red, Size: L)",Performance,L,red,3703.57
1171,MekongFit UE-07,Streetwear,4297.01,"MekongFit UE-07 - Streetwear (Màu: black, Size: XL)",Performance,XL,black,3953.68
1172,MekongFit UE-08,Streetwear,5704.61,"MekongFit UE-08 - Streetwear (Màu: orange, Size: S)",Performance,S,orange,3429.04
1173,MekongFit UE-09,Streetwear,6051.28,"MekongFit UE-09 - Streetwear (Màu: blue, Size: M)",Performance,M,blue,5634.35
1174,MekongFit UE-10,Streetwear,6929.37,"MekongFit UE-10 - Streetwear (Màu: white, Size: L)",Performance,L,white,6582.9
1175,MekongFit UE-11,Streetwear,7960.85,"MekongFit UE-11 - Streetwear (Màu: purple, Size: XL)",Performance,XL,purple,7562.81
1176,MekongFit UE-12,Streetwear,7474.81,"MekongFit UE-12 - Streetwear (Màu: green, Size: S)",Performance,S,green,7035.29
1177,MekongFit UE-13,Streetwear,3193.26,"MekongFit UE-13 - Streetwear (Màu: silver, Size: M)",Performance,M,silver,3033.6
1178,MekongFit UE-14,Streetwear,7106.04,"MekongFit UE-14 - Streetwear (Màu: pink, Size: L)",Performance,L,pink,3850.76
1179,MekongFit UE-15,Streetwear,7152.33,"MekongFit UE-15 - Streetwear (Màu: yellow, Size: XL)",Performance,XL,yellow,6404.19
1180,MekongFit UE-16,Streetwear,6400.83,"MekongFit UE-16 - Streetwear (Màu: red, Size: S)",Performance,S,red,3691.36
1181,MekongFit UE-17,Streetwear,5039.37,"MekongFit UE-17 - Streetwear (Màu: black, Size: M)",Performance,M,black,2798.36
1182,MekongFit UE-18,Streetwear,2220.57,"MekongFit UE-18 - Streetwear (Màu: orange, Size: L)",Performance,L,orange,2109.54
1183,MekongFit UE-19,Streetwear,7901.33,"MekongFit UE-19 - Streetwear (Màu: blue, Size: XL)",Performance,XL,blue,4835.61
1184,MekongFit UE-20,Streetwear,7559.37,"MekongFit UE-20 - Streetwear (Màu: white, Size: S)",Performance,S,white,5095.77
1185,MekongFit UE-21,Streetwear,14.95,"MekongFit UE-21 - Streetwear (Màu: purple, Size: M)",Performance,M,purple,8.61
1186,MekongFit UE-22,Streetwear,4625.5,"MekongFit UE-22 - Streetwear (Màu: green, Size: L)",Performance,L,green,2901.11
1187,MekongFit UE-23,Streetwear,5444.8,"MekongFit UE-23 - Streetwear (Màu: silver, Size: XL)",Performance,XL,silver,5172.56
1188,MekongFit UE-24,Streetwear,5589.41,"MekongFit UE-24 - Streetwear (Màu: pink, Size: S)",Performance,S,pink,5309.94
1189,MekongFit UE-25,Streetwear,2618.91,"MekongFit UE-25 - Streetwear (Màu: yellow, Size: M)",Performance,M,yellow,2284.48
1190,MekongFit UE-26,Streetwear,2330.37,"MekongFit UE-26 - Streetwear (Màu: red, Size: L)",Performance,L,red,1277.97
1191,MekongFit UE-27,Streetwear,3202.15,"MekongFit UE-27 - Streetwear (Màu: black, Size: XL)",Performance,XL,black,2351.66
1192,MekongFit UE-28,Streetwear,4031.37,"MekongFit UE-28 - Streetwear (Màu: orange, Size: S)",Performance,S,orange,3140.44
1193,MekongFit UE-29,Streetwear,30.33,"MekongFit UE-29 - Streetwear (Màu: blue, Size: M)",Performance,M,blue,17.1
1194,MekongFit UE-30,Streetwear,9476.44,"MekongFit UE-30 - Streetwear (Màu: white, Size: L)",Performance,L,white,7068.48
1195,MekongFit UE-31,Streetwear,3527.37,"MekongFit UE-31 - Streetwear (Màu: purple, Size: XL)",Performance,XL,purple,2364.75
1196,MekongFit UE-32,Streetwear,5291.37,"MekongFit UE-32 - Streetwear (Màu: green, Size: S)",Performance,S,green,2884.33
1197,MekongFit UE-33,Streetwear,5291.37,"MekongFit UE-33 - Streetwear (Màu: silver, Size: M)",Performance,M,silver,3505.0
1198,MekongFit UE-34,Streetwear,5574.1,"MekongFit UE-34 - Streetwear (Màu: pink, Size: L)",Performance,L,pink,5295.4
1671,VietMode UE-01,Streetwear,4408.74,"VietMode UE-01 - Streetwear (Màu: black, Size: XL)",Performance,XL,black,4188.3
1672,VietMode UE-02,Streetwear,8188.74,"VietMode UE-02 - Streetwear (Màu: orange, Size: S)",Performance,S,orange,4955.83
1673,VietMode UE-03,Streetwear,11048.49,"VietMode UE-03 - Streetwear (Màu: blue, Size: M)",Performance,M,blue,6622.46
1674,VietMode UE-04,Streetwear,12599.37,"VietMode UE-04 - Streetwear (Màu: white, Size: L)",Performance,L,white,11969.4
1675,VietMode UE-05,Streetwear,5857.74,"VietMode UE-05 - Streetwear (Màu: purple, Size: XL)",Performance,XL,purple,4998.41
1676,VietMode UE-06,Streetwear,6171.31,"VietMode UE-06 - Streetwear (Màu: green, Size: S)",Performance,S,green,4136.01
1677,VietMode UE-07,Streetwear,10520.37,"VietMode UE-07 - Streetwear (Màu: silver, Size: M)",Performance,M,silver,6982.37
1678,VietMode UE-08,Streetwear,8819.02,"VietMode UE-08 - Streetwear (Màu: pink, Size: L)",Performance,L,pink,8378.07
1679,VietMode UE-09,Streetwear,10719.6,"VietMode UE-09 - Streetwear (Màu: yellow, Size: XL)",Performance,XL,yellow,10183.62
1680,VietMode UE-10,Streetwear,4610.21,"VietMode UE-10 - Streetwear (Màu: red, Size: S)",Performance,S,red,2840.81
1681,VietMode UE-11,Streetwear,6053.19,"VietMode UE-11 - Streetwear (Màu: black, Size: M)",Performance,M,black,5750.53
1682,VietMode UE-12,Streetwear,8921.64,"VietMode UE-12 - Streetwear (Màu: orange, Size: L)",Performance,L,orange,8475.56
1683,VietMode UE-13,Streetwear,6613.74,"VietMode UE-13 - Streetwear (Màu: blue, Size: XL)",Performance,XL,blue,5271.81
1684,VietMode UE-14,Streetwear,5416.74,"VietMode UE-14 - Streetwear (Màu: white, Size: S)",Performance,S,white,3482.42
1685,VietMode UE-15,Streetwear,8188.74,"VietMode UE-15 - Streetwear (Màu: purple, Size: M)",Performance,M,purple,4606.99
1686,VietMode UE-16,Streetwear,9826.74,"VietMode UE-16 - Streetwear (Màu: green, Size: L)",Performance,L,green,9335.4
1687,VietMode UE-17,Streetwear,8819.22,"VietMode UE-17 - Streetwear (Màu: silver, Size: XL)",Performance,XL,silver,8378.26
1688,NamStyle UE-01,Streetwear,1889.37,"NamStyle UE-01 - Streetwear (Màu: pink, Size: S)",Performance,S,pink,1143.45
1766,SaigonCore UE-01,Streetwear,8892.5,"SaigonCore UE-01 - Streetwear (Màu: green, Size: L)",Performance,L,green,5203.89
1767,SaigonCore UE-02,Streetwear,11969.37,"SaigonCore UE-02 - Streetwear (Màu: silver, Size: XL)",Performance,XL,silver,6986.52
1768,SaigonCore UE-03,Streetwear,10898.37,"SaigonCore UE-03 - Streetwear (Màu: pink, Size: S)",Performance,S,pink,10353.45
1769,SaigonCore UE-04,Streetwear,12221.37,"SaigonCore UE-04 - Streetwear (Màu: yellow, Size: M)",Performance,M,yellow,11610.3
1770,SaigonCore UE-05,Streetwear,7559.37,"SaigonCore UE-05 - Streetwear (Màu: red, Size: L)",Performance,L,red,4246.1
1771,SaigonCore UE-06,Streetwear,10709.37,"SaigonCore UE-06 - Streetwear (Màu: black, Size: XL)",Performance,XL,black,7600.44
1772,SaigonCore UE-07,Streetwear,7868.7,"SaigonCore UE-07 - Streetwear (Màu: orange, Size: S)",Performance,S,orange,5265.73
1773,SaigonCore UE-08,Streetwear,13497.12,"SaigonCore UE-08 - Streetwear (Màu: blue, Size: M)",Performance,M,blue,7885.02
1774,SaigonCore UE-09,Streetwear,10302.29,"SaigonCore UE-09 - Streetwear (Màu: white, Size: L)",Performance,L,white,8867.18
1775,SaigonCore UE-10,Streetwear,8504.37,"SaigonCore UE-10 - Streetwear (Màu: purple, Size: XL)",Performance,XL,purple,7461.73
1776,SaigonCore UE-11,Streetwear,17639.37,"SaigonCore UE-11 - Streetwear (Màu: green, Size: S)",Performance,S,green,16157.66
1777,SaigonCore UE-12,Streetwear,7626.91,"SaigonCore UE-12 - Streetwear (Màu: silver, Size: M)",Performance,M,silver,6550.75
1778,SaigonCore UE-13,Streetwear,8251.73,"SaigonCore UE-13 - Streetwear (Màu: pink, Size: L)",Performance,L,pink,4414.67
1779,SaigonCore UE-14,Streetwear,9449.37,"SaigonCore UE-14 - Streetwear (Màu: yellow, Size: XL)",Performance,XL,yellow,6418.01
1780,SaigonCore UE-15,Streetwear,17143.7,"SaigonCore UE-15 - Streetwear (Màu: red, Size: S)",Performance,S,red,14587.57
1781,SaigonCore UE-16,Streetwear,6970.46,"SaigonCore UE-16 - Streetwear (Màu: black, Size: M)",Performance,M,black,6092.88
1782,SaigonCore UE-17,Streetwear,6087.37,"SaigonCore UE-17 - Streetwear (Màu: orange, Size: L)",Performance,L,orange,3511.8
1783,SaigonCore UE-18,Streetwear,7627.72,"SaigonCore UE-18 - Streetwear (Màu: blue, Size: XL)",Performance,XL,blue,6845.88
1784,SaigonCore UE-19,Streetwear,7238.7,"SaigonCore UE-19 - Streetwear (Màu: white, Size: S)",Performance,S,white,5703.37
1785,SaigonCore UE-20,Streetwear,9443.7,"SaigonCore UE-20 - Streetwear (Màu: purple, Size: M)",Performance,M,purple,8971.52
1786,SaigonCore UE-21,Streetwear,7948.04,"SaigonCore UE-21 - Streetwear (Màu: green, Size: L)",Performance,L,green,7430.62
1787,SaigonCore UE-22,Streetwear,9128.7,"SaigonCore UE-22 - Streetwear (Màu: silver, Size: XL)",Performance,XL,silver,8672.26
1788,SaigonCore UE-23,Streetwear,7245.0,"SaigonCore UE-23 - Streetwear (Màu: pink, Size: S)",Performance,S,pink,6546.58
1789,SaigonCore UE-24,Streetwear,11313.78,"SaigonCore UE-24 - Streetwear (Màu: yellow, Size: M)",Performance,M,yellow,8076.9
1790,SaigonCore UE-25,Streetwear,5087.7,"SaigonCore UE-25 - Streetwear (Màu: red, Size: L)",Performance,L,red,4690.35
1791,SaigonCore UE-26,Streetwear,9507.4,"SaigonCore UE-26 - Streetwear (Màu: black, Size: XL)",Performance,XL,black,8027.09
1792,SaigonCore UE-27,Streetwear,11339.37,"SaigonCore UE-27 - Streetwear (Màu: orange, Size: S)",Performance,S,orange,7818.5
1793,SaigonCore UE-28,Streetwear,6713.7,"SaigonCore UE-28 - Streetwear (Màu: blue, Size: M)",Performance,M,blue,3936.91
1794,SaigonCore UE-29,Streetwear,38.2,"SaigonCore UE-29 - Streetwear (Màu: white, Size: L)",Performance,L,white,24.2
2041,UrbanVN UE-01,Streetwear,8922.09,"UrbanVN UE-01 - Streetwear (Màu: black, Size: M)",Performance,M,black,8475.98
2042,UrbanVN UE-02,Streetwear,7307.37,"UrbanVN UE-02 - Streetwear (Màu: orange, Size: L)",Performance,L,orange,5269.34
2043,UrbanVN UE-03,Streetwear,9308.55,"UrbanVN UE-03 - Streetwear (Màu: blue, Size: XL)",Performance,XL,blue,5375.69
2044,UrbanVN UE-04,Streetwear,4691.61,"UrbanVN UE-04 - Streetwear (Màu: white, Size: S)",Performance,S,white,4457.03
2045,UrbanVN UE-05,Streetwear,5569.46,"UrbanVN UE-05 - Streetwear (Màu: purple, Size: M)",Performance,M,purple,2996.37
2046,UrbanVN UE-06,Streetwear,5196.87,"UrbanVN UE-06 - Streetwear (Màu: green, Size: L)",Performance,L,green,3738.63
2047,UrbanVN UE-07,Streetwear,4488.83,"UrbanVN UE-07 - Streetwear (Màu: silver, Size: XL)",Performance,XL,silver,2369.65
2048,UrbanVN UE-08,Streetwear,59.81,"UrbanVN UE-08 - Streetwear (Màu: pink, Size: S)",Performance,S,pink,38.78
2049,UrbanVN UE-09,Streetwear,5425.36,"UrbanVN UE-09 - Streetwear (Màu: yellow, Size: M)",Performance,M,yellow,5021.17
2050,UrbanVN UE-10,Streetwear,6047.04,"UrbanVN UE-10 - Streetwear (Màu: red, Size: L)",Performance,L,red,5297.81
2051,UrbanVN UE-11,Streetwear,9008.37,"UrbanVN UE-11 - Streetwear (Màu: black, Size: XL)",Performance,XL,black,6208.57
2052,UrbanVN UE-12,Streetwear,9086.84,"UrbanVN UE-12 - Streetwear (Màu: orange, Size: S)",Performance,S,orange,7847.4
2053,UrbanVN UE-13,Streetwear,4015.52,"UrbanVN UE-13 - Streetwear (Màu: blue, Size: M)",Performance,M,blue,2068.4
2054,UrbanVN UE-14,Streetwear,7071.6,"UrbanVN UE-14 - Streetwear (Màu: white, Size: L)",Performance,L,white,6718.02
2055,UrbanVN UE-15,Streetwear,7240.1,"UrbanVN UE-15 - Streetwear (Màu: purple, Size: XL)",Performance,XL,purple,6878.1
2056,UrbanVN UE-16,Streetwear,3991.45,"UrbanVN UE-16 - Streetwear (Màu: green, Size: S)",Performance,S,green,3791.87
2057,UrbanVN UE-17,Streetwear,5726.07,"UrbanVN UE-17 - Streetwear (Màu: silver, Size: M)",Performance,M,silver,5053.26
2058,UrbanVN UE-18,Streetwear,3259.52,"UrbanVN UE-18 - Streetwear (Màu: pink, Size: L)",Performance,L,pink,1700.49
2059,UrbanVN UE-19,Streetwear,26.92,"UrbanVN UE-19 - Streetwear (Màu: yellow, Size: XL)",Performance,XL,yellow,16.22
2060,UrbanVN UE-20,Streetwear,4438.99,"UrbanVN UE-20 - Streetwear (Màu: red, Size: S)",Performance,S,red,2234.59
2061,UrbanVN UE-21,Streetwear,4375.12,"UrbanVN UE-21 - Streetwear (Màu: black, Size: M)",Performance,M,black,4156.36
2062,UrbanVN UE-22,Streetwear,23.97,"UrbanVN UE-22 - Streetwear (Màu: orange, Size: L)",Performance,L,orange,13.59
2063,UrbanVN UE-23,Streetwear,27.09,"UrbanVN UE-23 - Streetwear (Màu: blue, Size: XL)",Performance,XL,blue,15.64
2064,UrbanVN UE-24,Streetwear,6479.72,"UrbanVN UE-24 - Streetwear (Màu: white, Size: S)",Performance,S,white,5307.54
2065,UrbanVN UE-25,Streetwear,47.76,"UrbanVN UE-25 - Streetwear (Màu: purple, Size: M)",Performance,M,purple,26.36
2148,PhoenixWear UE-01,Streetwear,7739.01,"PhoenixWear UE-01 - Streetwear (Màu: pink, Size: S)",Performance,S,pink,4210.02
2149,PhoenixWear UE-02,Streetwear,5228.37,"PhoenixWear UE-02 - Streetwear (Màu: yellow, Size: M)",Performance,M,yellow,4966.95
2150,PhoenixWear UE-03,Streetwear,5932.95,"PhoenixWear UE-03 - Streetwear (Màu: red, Size: L)",Performance,L,red,4969.43
2151,PhoenixWear UE-04,Streetwear,6235.61,"PhoenixWear UE-04 - Streetwear (Màu: black, Size: XL)",Performance,XL,black,4723.48
2152,PhoenixWear UE-05,Streetwear,37.77,"PhoenixWear UE-05 - Streetwear (Màu: orange, Size: S)",Performance,S,orange,24.23
2153,PhoenixWear UE-06,Streetwear,6751.03,"PhoenixWear UE-06 - Streetwear (Màu: blue, Size: M)",Performance,M,blue,6413.48
2154,PhoenixWear UE-07,Streetwear,10009.1,"PhoenixWear UE-07 - Streetwear (Màu: white, Size: L)",Performance,L,white,5308.83
2155,PhoenixWear UE-08,Streetwear,7564.62,"PhoenixWear UE-08 - Streetwear (Màu: purple, Size: XL)",Performance,XL,purple,3894.27
2156,PhoenixWear UE-09,Streetwear,26.79,"PhoenixWear UE-09 - Streetwear (Màu: green, Size: S)",Performance,S,green,15.05
2157,PhoenixWear UE-10,Streetwear,5480.37,"PhoenixWear UE-10 - Streetwear (Màu: silver, Size: M)",Performance,M,silver,3292.61
2158,PhoenixWear UE-11,Streetwear,40.66,"PhoenixWear UE-11 - Streetwear (Màu: pink, Size: L)",Performance,L,pink,24.71
2159,PhoenixWear UE-12,Streetwear,5663.07,"PhoenixWear UE-12 - Streetwear (Màu: yellow, Size: XL)",Performance,XL,yellow,4892.33
2160,PhoenixWear UE-13,Streetwear,34.43,"PhoenixWear UE-13 - Streetwear (Màu: red, Size: S)",Performance,S,red,19.88
2161,PhoenixWear UE-14,Streetwear,6821.85,"PhoenixWear UE-14 - Streetwear (Màu: black, Size: M)",Performance,M,black,5840.87
2162,PhoenixWear UE-15,Streetwear,48.79,"PhoenixWear UE-15 - Streetwear (Màu: orange, Size: L)",Performance,L,orange,29.54
2163,PhoenixWear UE-16,Streetwear,8504.37,"PhoenixWear UE-16 - Streetwear (Màu: blue, Size: XL)",Performance,XL,blue,7320.56
2164,PhoenixWear UE-17,Streetwear,4574.5,"PhoenixWear UE-17 - Streetwear (Màu: white, Size: S)",Performance,S,white,2482.58
2165,PhoenixWear UE-18,Streetwear,7994.64,"PhoenixWear UE-18 - Streetwear (Màu: purple, Size: M)",Performance,M,purple,6223.83
2166,PhoenixWear UE-19,Streetwear,7559.37,"PhoenixWear UE-19 - Streetwear (Màu: green, Size: L)",Performance,L,green,4870.5
2167,PhoenixWear UE-20,Streetwear,6928.53,"PhoenixWear UE-20 - Streetwear (Màu: silver, Size: XL)",Performance,XL,silver,6582.1
2168,PhoenixWear UE-21,Streetwear,5039.37,"PhoenixWear UE-21 - Streetwear (Màu: pink, Size: S)",Performance,S,pink,4227.53
2169,PhoenixWear UE-22,Streetwear,6603.96,"PhoenixWear UE-22 - Streetwear (Màu: yellow, Size: M)",Performance,M,yellow,3515.95
2170,PhoenixWear UE-23,Streetwear,8441.37,"PhoenixWear UE-23 - Streetwear (Màu: red, Size: L)",Performance,L,red,5207.48
2327,VietMotion UE-01,Streetwear,7343.28,"VietMotion UE-01 - Streetwear (Màu: silver, Size: XL)",Performance,XL,silver,6976.11
2328,VietMotion UE-02,Streetwear,4409.37,"VietMotion UE-02 - Streetwear (Màu: pink, Size: S)",Performance,S,pink,4087.93
2329,VietMotion UE-03,Streetwear,25.01,"VietMotion UE-03 - Streetwear (Màu: yellow, Size: M)",Performance,M,yellow,15.38
2330,VietMotion UE-04,Streetwear,8976.87,"VietMotion UE-04 - Streetwear (Màu: red, Size: L)",Performance,L,red,5674.28
2331,VietMotion UE-05,Streetwear,7365.66,"VietMotion UE-05 - Streetwear (Màu: black, Size: XL)",Performance,XL,black,6671.82
2332,VietMotion UE-06,Streetwear,5799.63,"VietMotion UE-06 - Streetwear (Màu: orange, Size: S)",Performance,S,orange,4554.45
2333,VietMotion UE-07,Streetwear,29.05,"VietMotion UE-07 - Streetwear (Màu: blue, Size: M)",Performance,M,blue,18.39
2334,VietMotion UE-08,Streetwear,4289.18,"VietMotion UE-08 - Streetwear (Màu: white, Size: L)",Performance,L,white,2661.44
2335,VietMotion UE-09,Streetwear,28.31,"VietMotion UE-09 - Streetwear (Màu: purple, Size: XL)",Performance,XL,purple,16.15
2336,VietMotion UE-10,Streetwear,8688.96,"VietMotion UE-10 - Streetwear (Màu: green, Size: S)",Performance,S,green,8254.52
2337,VietMotion UE-11,Streetwear,5033.7,"VietMotion UE-11 - Streetwear (Màu: silver, Size: M)",Performance,M,silver,3153.61
2338,VietMotion UE-12,Streetwear,18.44,"VietMotion UE-12 - Streetwear (Màu: pink, Size: L)",Performance,L,pink,10.16
2339,VietMotion UE-13,Streetwear,37.28,"VietMotion UE-13 - Streetwear (Màu: yellow, Size: XL)",Performance,XL,yellow,21.01
2340,VietMotion UE-14,Streetwear,5543.37,"VietMotion UE-14 - Streetwear (Màu: red, Size: S)",Performance,S,red,5210.77
2341,VietMotion UE-15,Streetwear,5457.51,"VietMotion UE-15 - Streetwear (Màu: black, Size: M)",Performance,M,black,5184.63
2342,VietMotion UE-16,Streetwear,36.76,"VietMotion UE-16 - Streetwear (Màu: orange, Size: L)",Performance,L,orange,23.53
2343,VietMotion UE-17,Streetwear,5703.51,"VietMotion UE-17 - Streetwear (Màu: blue, Size: XL)",Performance,XL,blue,4446.46
2344,VietMotion UE-18,Streetwear,33.18,"VietMotion UE-18 - Streetwear (Màu: white, Size: S)",Performance,S,white,21.15
2345,VietMotion UE-19,Streetwear,5244.73,"VietMotion UE-19 - Streetwear (Màu: purple, Size: M)",Performance,M,purple,4313.27
2346,VietMotion UE-20,Streetwear,30.15,"VietMotion UE-20 - Streetwear (Màu: green, Size: L)",Performance,L,green,18.38
2347,VietMotion UE-21,Streetwear,18.8,"VietMotion UE-21 - Streetwear (Màu: silver, Size: XL)",Performance,XL,silver,11.47
2348,VietMotion UE-22,Streetwear,9921.93,"VietMotion UE-22 - Streetwear (Màu: pink, Size: S)",Performance,S,pink,6549.46
2349,VietMotion UE-23,Streetwear,27.99,"VietMotion UE-23 - Streetwear (Màu: yellow, Size: M)",Performance,M,yellow,17.25
2350,VietMotion UE-24,Streetwear,4649.9,"VietMotion UE-24 - Streetwear (Màu: red, Size: L)",Performance,L,red,4417.4
2351,VietMotion UE-25,Streetwear,28.87,"VietMotion UE-25 - Streetwear (Màu: black, Size: XL)",Performance,XL,black,16.39
2352,VietMotion UE-26,Streetwear,4441.32,"VietMotion UE-26 - Streetwear (Màu: orange, Size: S)",Performance,S,orange,3680.97
280,LotusWear UE-01,Streetwear,12596.85,"LotusWear UE-01 - Streetwear (Màu: red, Size: S)",Performance,S,red,11967.01
281,LotusWear UE-02,Streetwear,15746.85,"LotusWear UE-02 - Streetwear (Màu: black, Size: M)",Performance,M,black,8750.52
282,LotusWear UE-03,Streetwear,14486.85,"LotusWear UE-03 - Streetwear (Màu: orange, Size: L)",Performance,L,orange,12008.15
283,LotusWear UE-04,Streetwear,24.02,"LotusWear UE-04 - Streetwear (Màu: blue, Size: XL)",Performance,XL,blue,15.41
284,LotusWear UE-05,Streetwear,31.05,"LotusWear UE-05 - Streetwear (Màu: white, Size: S)",Performance,S,white,18.38
285,LotusWear UE-06,Streetwear,38.92,"LotusWear UE-06 - Streetwear (Màu: purple, Size: M)",Performance,M,purple,22.9
286,LotusWear UE-07,Streetwear,70.42,"LotusWear UE-07 - Streetwear (Màu: green, Size: L)",Performance,L,green,42.39
287,LotusWear UE-08,Streetwear,35.51,"LotusWear UE-08 - Streetwear (Màu: silver, Size: XL)",Performance,XL,silver,19.7
288,LotusWear UE-09,Streetwear,36.71,"LotusWear UE-09 - Streetwear (Màu: pink, Size: S)",Performance,S,pink,20.8
289,LotusWear UE-10,Streetwear,10606.05,"LotusWear UE-10 - Streetwear (Màu: yellow, Size: M)",Performance,M,yellow,10075.75
290,LotusWear UE-11,Streetwear,32.14,"LotusWear UE-11 - Streetwear (Màu: red, Size: L)",Performance,L,red,20.05
291,LotusWear UE-12,Streetwear,9887.85,"LotusWear UE-12 - Streetwear (Màu: black, Size: XL)",Performance,XL,black,9393.46
292,LotusWear UE-13,Streetwear,8269.87,"LotusWear UE-13 - Streetwear (Màu: orange, Size: S)",Performance,S,orange,7282.45
293,LotusWear UE-14,Streetwear,8405.19,"LotusWear UE-14 - Streetwear (Màu: blue, Size: M)",Performance,M,blue,6159.33
294,LotusWear UE-15,Streetwear,9446.85,"LotusWear UE-15 - Streetwear (Màu: white, Size: L)",Performance,L,white,8663.71
295,LotusWear UE-16,Streetwear,12596.85,"LotusWear UE-16 - Streetwear (Màu: purple, Size: XL)",Performance,XL,purple,8588.53
296,LotusWear UE-17,Streetwear,27716.85,"LotusWear UE-17 - Streetwear (Màu: green, Size: S)",Performance,S,green,14598.46
297,LotusWear UE-18,Streetwear,8483.48,"LotusWear UE-18 - Streetwear (Màu: silver, Size: M)",Performance,M,silver,6521.25
298,LotusWear UE-19,Streetwear,15.37,"LotusWear UE-19 - Streetwear (Màu: pink, Size: L)",Performance,L,pink,8.58
299,LotusWear UE-20,Streetwear,8584.02,"LotusWear UE-20 - Streetwear (Màu: yellow, Size: XL)",Performance,XL,yellow,4506.61
300,LotusWear UE-21,Streetwear,9320.85,"LotusWear UE-21 - Streetwear (Màu: red, Size: S)",Performance,S,red,6524.6
301,LotusWear UE-22,Streetwear,32.77,"LotusWear UE-22 - Streetwear (Màu: black, Size: M)",Performance,M,black,20.0
302,LotusWear UE-23,Streetwear,33.92,"LotusWear UE-23 - Streetwear (Màu: orange, Size: L)",Performance,L,orange,19.49
303,LotusWear UE-24,Streetwear,88.7,"LotusWear UE-24 - Streetwear (Màu: blue, Size: XL)",Performance,XL,blue,52.24
304,LotusWear UE-25,Streetwear,11204.15,"LotusWear UE-25 - Streetwear (Màu: white, Size: S)",Performance,S,white,7121.36
305,LotusWear UE-26,Streetwear,18589.78,"LotusWear UE-26 - Streetwear (Màu: purple, Size: M)",Performance,M,purple,11094.38
306,LotusWear UE-27,Streetwear,14648.61,"LotusWear UE-27 - Streetwear (Màu: green, Size: L)",Performance,L,green,7768.16
307,LotusWear UE-28,Streetwear,13856.85,"LotusWear UE-28 - Streetwear (Màu: silver, Size: XL)",Performance,XL,silver,8174.16
308,LotusWear UE-29,Streetwear,15162.95,"LotusWear UE-29 - Streetwear (Màu: pink, Size: S)",Performance,S,pink,10231.96
309,LotusWear UE-30,Streetwear,40950.0,"LotusWear UE-30 - Streetwear (Màu: yellow, Size: M)",Performance,M,yellow,30319.38
310,LotusWear UE-31,Streetwear,11336.85,"LotusWear UE-31 - Streetwear (Màu: red, Size: L)",Performance,L,red,10173.69
311,LotusWear UE-32,Streetwear,7633.68,"LotusWear UE-32 - Streetwear (Màu: black, Size: XL)",Performance,XL,black,6058.09
312,LotusWear UE-33,Streetwear,9320.85,"LotusWear UE-33 - Streetwear (Màu: orange, Size: S)",Performance,S,orange,8854.81
313,LotusWear UE-34,Streetwear,9131.85,"LotusWear UE-34 - Streetwear (Màu: blue, Size: M)",Performance,M,blue,5436.19
314,LotusWear UE-35,Streetwear,30.66,"LotusWear UE-35 - Streetwear (Màu: white, Size: L)",Performance,L,white,17.75
315,LotusWear UE-36,Streetwear,37.36,"LotusWear UE-36 - Streetwear (Màu: purple, Size: XL)",Performance,XL,purple,21.88
316,LotusWear UE-37,Streetwear,32.66,"LotusWear UE-37 - Streetwear (Màu: green, Size: S)",Performance,S,green,20.31
317,LotusWear UE-38,Streetwear,20.75,"LotusWear UE-38 - Streetwear (Màu: silver, Size: M)",Performance,M,silver,12.03
318,LotusWear UE-39,Streetwear,10553.85,"LotusWear UE-39 - Streetwear (Màu: pink, Size: L)",Performance,L,pink,5995.64
319,LotusWear UE-40,Streetwear,13226.85,"LotusWear UE-40 - Streetwear (Màu: yellow, Size: XL)",Performance,XL,yellow,10914.8
320,LotusWear UE-41,Streetwear,52.31,"LotusWear UE-41 - Streetwear (Màu: red, Size: S)",Performance,S,red,31.73
321,LotusWear UE-42,Streetwear,11235.5,"LotusWear UE-42 - Streetwear (Màu: black, Size: M)",Performance,M,black,10673.73
322,LotusWear UE-43,Streetwear,8816.85,"LotusWear UE-43 - Streetwear (Màu: orange, Size: L)",Performance,L,orange,7946.63
323,LotusWear UE-44,Streetwear,9450.0,"LotusWear UE-44 - Streetwear (Màu: blue, Size: XL)",Performance,XL,blue,6288.98
324,LotusWear UE-45,Streetwear,13905.65,"LotusWear UE-45 - Streetwear (Màu: white, Size: S)",Performance,S,white,7827.49
325,LotusWear UE-46,Streetwear,6645.98,"LotusWear UE-46 - Streetwear (Màu: purple, Size: M)",Performance,M,purple,4429.54
326,LotusWear UE-47,Streetwear,8344.35,"LotusWear UE-47 - Streetwear (Màu: green, Size: L)",Performance,L,green,5868.58
327,LotusWear UE-48,Streetwear,14014.35,"LotusWear UE-48 - Streetwear (Màu: silver, Size: XL)",Performance,XL,silver,13313.63
328,LotusWear UE-49,Streetwear,44.74,"LotusWear UE-49 - Streetwear (Màu: pink, Size: S)",Performance,S,pink,26.73
329,LotusWear UE-50,Streetwear,45.44,"LotusWear UE-50 - Streetwear (Màu: yellow, Size: M)",Performance,M,yellow,28.01
330,LotusWear UE-51,Streetwear,6926.85,"LotusWear UE-51 - Streetwear (Màu: red, Size: L)",Performance,L,red,6520.94
331,LotusWear UE-52,Streetwear,11147.85,"LotusWear UE-52 - Streetwear (Màu: black, Size: XL)",Performance,XL,black,10590.46
332,LotusWear UE-53,Streetwear,11613.77,"LotusWear UE-53 - Streetwear (Màu: orange, Size: S)",Performance,S,orange,9075.0
333,LotusWear UE-54,Streetwear,9807.47,"LotusWear UE-54 - Streetwear (Màu: blue, Size: M)",Performance,M,blue,8751.21
334,LotusWear UE-55,Streetwear,25196.85,"LotusWear UE-55 - Streetwear (Màu: white, Size: L)",Performance,L,white,23937.01
335,LotusWear UE-56,Streetwear,10391.85,"LotusWear UE-56 - Streetwear (Màu: purple, Size: XL)",Performance,XL,purple,9872.26
336,LotusWear UE-57,Streetwear,11336.85,"LotusWear UE-57 - Streetwear (Màu: green, Size: S)",Performance,S,green,10770.01
337,LotusWear UE-58,Streetwear,18896.85,"LotusWear UE-58 - Streetwear (Màu: silver, Size: M)",Performance,M,silver,11857.77
338,LotusWear UE-59,Streetwear,17636.85,"LotusWear UE-59 - Streetwear (Màu: pink, Size: L)",Performance,L,pink,11541.55
339,LotusWear UE-60,Streetwear,9215.85,"LotusWear UE-60 - Streetwear (Màu: yellow, Size: XL)",Performance,XL,yellow,6827.1
340,LotusWear UE-61,Streetwear,23.02,"LotusWear UE-61 - Streetwear (Màu: red, Size: S)",Performance,S,red,14.82
341,LotusWear UE-62,Streetwear,5011.65,"LotusWear UE-62 - Streetwear (Màu: black, Size: M)",Performance,M,black,4215.8
342,LotusWear UE-63,Streetwear,8412.98,"LotusWear UE-63 - Streetwear (Màu: orange, Size: L)",Performance,L,orange,7352.1
343,LotusWear UE-64,Streetwear,58.04,"LotusWear UE-64 - Streetwear (Màu: blue, Size: XL)",Performance,XL,blue,36.17
344,LotusWear UE-65,Streetwear,18.9,"LotusWear UE-65 - Streetwear (Màu: white, Size: S)",Performance,S,white,10.8
345,LotusWear UE-66,Streetwear,41.88,"LotusWear UE-66 - Streetwear (Màu: purple, Size: M)",Performance,M,purple,23.16
346,LotusWear UE-67,Streetwear,12596.85,"LotusWear UE-67 - Streetwear (Màu: green, Size: L)",Performance,L,green,11967.01
347,LotusWear UE-68,Streetwear,40950.0,"LotusWear UE-68 - Streetwear (Màu: silver, Size: XL)",Performance,XL,silver,38902.5
348,LotusWear UE-69,Streetwear,7556.85,"LotusWear UE-69 - Streetwear (Màu: pink, Size: S)",Performance,S,pink,5611.72
349,LotusWear UE-70,Streetwear,6296.85,"LotusWear UE-70 - Streetwear (Màu: yellow, Size: M)",Performance,M,yellow,5735.17
350,LotusWear UE-71,Streetwear,6949.76,"LotusWear UE-71 - Streetwear (Màu: red, Size: L)",Performance,L,red,6602.27
351,LotusWear UE-72,Streetwear,14045.85,"LotusWear UE-72 - Streetwear (Màu: black, Size: XL)",Performance,XL,black,8674.72
352,LotusWear UE-73,Streetwear,12596.85,"LotusWear UE-73 - Streetwear (Màu: orange, Size: S)",Performance,S,orange,11250.25
353,LotusWear UE-74,Streetwear,20786.85,"LotusWear UE-74 - Streetwear (Màu: blue, Size: M)",Performance,M,blue,15267.94
354,LotusWear UE-75,Streetwear,13924.6,"LotusWear UE-75 - Streetwear (Màu: white, Size: L)",Performance,L,white,13228.37
355,LotusWear UE-76,Streetwear,5576.85,"LotusWear UE-76 - Streetwear (Màu: purple, Size: XL)",Performance,XL,purple,2954.62
356,LotusWear UE-77,Streetwear,5234.41,"LotusWear UE-77 - Streetwear (Màu: green, Size: S)",Performance,S,green,4911.45
357,LotusWear UE-78,Streetwear,79.53,"LotusWear UE-78 - Streetwear (Màu: silver, Size: M)",Performance,M,silver,45.83
358,LotusWear UE-79,Streetwear,22.28,"LotusWear UE-79 - Streetwear (Màu: pink, Size: L)",Performance,L,pink,13.58
359,LotusWear UE-80,Streetwear,13730.85,"LotusWear UE-80 - Streetwear (Màu: yellow, Size: XL)",Performance,XL,yellow,13044.31
360,LotusWear UE-81,Streetwear,9338.85,"LotusWear UE-81 - Streetwear (Màu: red, Size: S)",Performance,S,red,6702.49
361,LotusWear UE-82,Streetwear,5023.15,"LotusWear UE-82 - Streetwear (Màu: black, Size: M)",Performance,M,black,3094.26
362,LotusWear UE-83,Streetwear,8816.85,"LotusWear UE-83 - Streetwear (Màu: orange, Size: L)",Performance,L,orange,4773.44
363,LotusWear UE-84,Streetwear,26.4,"LotusWear UE-84 - Streetwear (Màu: blue, Size: XL)",Performance,XL,blue,14.66
364,LotusWear UE-85,Streetwear,14297.85,"LotusWear UE-85 - Streetwear (Màu: white, Size: S)",Performance,S,white,8923.29
365,LotusWear UE-86,Streetwear,7556.85,"LotusWear UE-86 - Streetwear (Màu: purple, Size: M)",Performance,M,purple,4276.42
366,LotusWear UE-87,Streetwear,9131.85,"LotusWear UE-87 - Streetwear (Màu: green, Size: L)",Performance,L,green,6334.76
367,LotusWear UE-88,Streetwear,9257.85,"LotusWear UE-88 - Streetwear (Màu: silver, Size: XL)",Performance,XL,silver,8448.71
368,LotusWear UE-89,Streetwear,9257.85,"LotusWear UE-89 - Streetwear (Màu: pink, Size: S)",Performance,S,pink,7730.3
369,LotusWear UE-90,Streetwear,10489.21,"LotusWear UE-90 - Streetwear (Màu: yellow, Size: M)",Performance,M,yellow,9695.18
370,LotusWear UE-91,Streetwear,6485.85,"LotusWear UE-91 - Streetwear (Màu: red, Size: L)",Performance,L,red,3774.76
371,LotusWear UE-92,Streetwear,9446.85,"LotusWear UE-92 - Streetwear (Màu: black, Size: XL)",Performance,XL,black,8974.51
372,LotusWear UE-93,Streetwear,11966.85,"LotusWear UE-93 - Streetwear (Màu: orange, Size: S)",Performance,S,orange,6104.29
373,LotusWear UE-94,Streetwear,4532.85,"LotusWear UE-94 - Streetwear (Màu: blue, Size: M)",Performance,M,blue,3197.47
374,LotusWear UE-95,Streetwear,34.46,"LotusWear UE-95 - Streetwear (Màu: white, Size: L)",Performance,L,white,20.66
375,LotusWear UE-96,Streetwear,9362.19,"LotusWear UE-96 - Streetwear (Màu: purple, Size: XL)",Performance,XL,purple,7022.58
376,LotusWear UE-97,Streetwear,27.07,"LotusWear UE-97 - Streetwear (Màu: green, Size: S)",Performance,S,green,16.51
377,LotusWear UE-98,Streetwear,17.81,"LotusWear UE-98 - Streetwear (Màu: silver, Size: M)",Performance,M,silver,10.39
378,LotusWear UE-99,Streetwear,9446.85,"LotusWear UE-99 - Streetwear (Màu: pink, Size: L)",Performance,L,pink,5805.09
379,LotusWear UE-00,Streetwear,6296.85,"LotusWear UE-00 - Streetwear (Màu: yellow, Size: XL)",Performance,XL,yellow,5142.01
380,LotusWear UE-01,Streetwear,34.04,"LotusWear UE-01 - Streetwear (Màu: red, Size: S)",Performance,S,red,21.34
381,LotusWear UE-02,Streetwear,21.65,"LotusWear UE-02 - Streetwear (Màu: black, Size: M)",Performance,M,black,12.14
382,LotusWear UE-03,Streetwear,11147.85,"LotusWear UE-03 - Streetwear (Màu: orange, Size: L)",Performance,L,orange,10315.11
383,LotusWear UE-04,Streetwear,7286.85,"LotusWear UE-04 - Streetwear (Màu: blue, Size: XL)",Performance,XL,blue,6664.55
384,LotusWear UE-05,Streetwear,12596.85,"LotusWear UE-05 - Streetwear (Màu: white, Size: S)",Performance,S,white,10771.57
385,LotusWear UE-06,Streetwear,8816.85,"LotusWear UE-06 - Streetwear (Màu: purple, Size: M)",Performance,M,purple,7770.29
386,LotusWear UE-07,Streetwear,5761.35,"LotusWear UE-07 - Streetwear (Màu: green, Size: L)",Performance,L,green,3392.28
396,SaigonFlex UM-01,Streetwear,11028.43,"SaigonFlex UM-01 - Streetwear (Màu: green, Size: S)",Balanced,S,green,10091.01
397,SaigonFlex UM-02,Streetwear,17955.92,"SaigonFlex UM-02 - Streetwear (Màu: silver, Size: M)",Balanced,M,silver,17058.12
398,SaigonFlex UM-03,Streetwear,18902.08,"SaigonFlex UM-03 - Streetwear (Màu: pink, Size: L)",Balanced,L,pink,15269.1
399,SaigonFlex UM-04,Streetwear,40.02,"SaigonFlex UM-04 - Streetwear (Màu: yellow, Size: XL)",Balanced,XL,yellow,22.31
400,SaigonFlex UM-05,Streetwear,9886.8,"SaigonFlex UM-05 - Streetwear (Màu: red, Size: S)",Balanced,S,red,7227.25
401,SaigonFlex UM-06,Streetwear,11384.1,"SaigonFlex UM-06 - Streetwear (Màu: black, Size: M)",Balanced,M,black,10814.9
402,SaigonFlex UM-07,Streetwear,12352.4,"SaigonFlex UM-07 - Streetwear (Màu: orange, Size: L)",Balanced,L,orange,11202.39
403,SaigonFlex UM-08,Streetwear,13752.81,"SaigonFlex UM-08 - Streetwear (Màu: blue, Size: XL)",Balanced,XL,blue,7730.45
404,SaigonFlex UM-09,Streetwear,22378.45,"SaigonFlex UM-09 - Streetwear (Màu: white, Size: S)",Balanced,S,white,17936.33
405,SaigonFlex UM-10,Streetwear,22994.37,"SaigonFlex UM-10 - Streetwear (Màu: purple, Size: M)",Balanced,M,purple,14155.33
406,SaigonFlex UM-11,Streetwear,23003.53,"SaigonFlex UM-11 - Streetwear (Màu: green, Size: L)",Balanced,L,green,15607.9
407,SaigonFlex UM-12,Streetwear,19779.23,"SaigonFlex UM-12 - Streetwear (Màu: silver, Size: XL)",Balanced,XL,silver,18790.27
408,SaigonFlex UM-13,Streetwear,16386.07,"SaigonFlex UM-13 - Streetwear (Màu: pink, Size: S)",Balanced,S,pink,15566.76
409,SaigonFlex UM-14,Streetwear,11606.28,"SaigonFlex UM-14 - Streetwear (Màu: yellow, Size: M)",Balanced,M,yellow,10763.67
410,SaigonFlex UM-15,Streetwear,17643.05,"SaigonFlex UM-15 - Streetwear (Màu: red, Size: L)",Balanced,L,red,16760.89
411,SaigonFlex UM-16,Streetwear,22.93,"SaigonFlex UM-16 - Streetwear (Màu: black, Size: XL)",Balanced,XL,black,14.28
412,SaigonFlex UM-17,Streetwear,19533.02,"SaigonFlex UM-17 - Streetwear (Màu: orange, Size: S)",Balanced,S,orange,17015.22
413,SaigonFlex UM-18,Streetwear,14675.85,"SaigonFlex UM-18 - Streetwear (Màu: blue, Size: M)",Balanced,M,blue,10280.43
414,SaigonFlex UM-19,Streetwear,6484.53,"SaigonFlex UM-19 - Streetwear (Màu: white, Size: L)",Balanced,L,white,4763.53
415,SaigonFlex UM-20,Streetwear,9929.03,"SaigonFlex UM-20 - Streetwear (Màu: purple, Size: XL)",Balanced,XL,purple,9299.53
416,SaigonFlex UM-21,Streetwear,10765.6,"SaigonFlex UM-21 - Streetwear (Màu: green, Size: S)",Balanced,S,green,9498.49
417,SaigonFlex UM-22,Streetwear,11199.11,"SaigonFlex UM-22 - Streetwear (Màu: silver, Size: M)",Balanced,M,silver,8260.46
418,SaigonFlex UM-23,Streetwear,10896.09,"SaigonFlex UM-23 - Streetwear (Màu: pink, Size: L)",Balanced,L,pink,9394.61
419,SaigonFlex UM-24,Streetwear,18774.59,"SaigonFlex UM-24 - Streetwear (Màu: yellow, Size: XL)",Balanced,XL,yellow,12475.71
420,SaigonFlex UM-25,Streetwear,14672.77,"SaigonFlex UM-25 - Streetwear (Màu: red, Size: S)",Balanced,S,red,13939.14
421,SaigonFlex UM-26,Streetwear,21110.52,"SaigonFlex UM-26 - Streetwear (Màu: black, Size: M)",Balanced,M,black,17857.39
422,SaigonFlex UM-27,Streetwear,10127.63,"SaigonFlex UM-27 - Streetwear (Màu: orange, Size: L)",Balanced,L,orange,5669.45
423,SaigonFlex UM-28,Streetwear,12518.48,"SaigonFlex UM-28 - Streetwear (Màu: blue, Size: XL)",Balanced,XL,blue,11892.55
424,SaigonFlex UM-29,Streetwear,20475.45,"SaigonFlex UM-29 - Streetwear (Màu: white, Size: S)",Balanced,S,white,12027.28
425,SaigonFlex UM-30,Streetwear,12149.68,"SaigonFlex UM-30 - Streetwear (Màu: purple, Size: M)",Balanced,M,purple,11542.2
426,SaigonFlex UM-31,Streetwear,11422.28,"SaigonFlex UM-31 - Streetwear (Màu: green, Size: L)",Balanced,L,green,9893.98
427,SaigonFlex UM-32,Streetwear,12186.98,"SaigonFlex UM-32 - Streetwear (Màu: silver, Size: XL)",Balanced,XL,silver,8692.97
428,SaigonFlex UM-33,Streetwear,14291.7,"SaigonFlex UM-33 - Streetwear (Màu: pink, Size: S)",Balanced,S,pink,13021.17
429,SaigonFlex UM-34,Streetwear,22679.37,"SaigonFlex UM-34 - Streetwear (Màu: yellow, Size: M)",Balanced,M,yellow,16660.27
430,SaigonFlex UM-35,Streetwear,11001.05,"SaigonFlex UM-35 - Streetwear (Màu: red, Size: L)",Balanced,L,red,10451.0
431,SaigonFlex UM-36,Streetwear,12437.65,"SaigonFlex UM-36 - Streetwear (Màu: black, Size: XL)",Balanced,XL,black,9655.35
432,SaigonFlex UM-37,Streetwear,11109.2,"SaigonFlex UM-37 - Streetwear (Màu: orange, Size: S)",Balanced,S,orange,10553.74
433,SaigonFlex UM-38,Streetwear,11459.31,"SaigonFlex UM-38 - Streetwear (Màu: blue, Size: M)",Balanced,M,blue,6543.27
434,SaigonFlex UM-39,Streetwear,61.56,"SaigonFlex UM-39 - Streetwear (Màu: white, Size: L)",Balanced,L,white,36.91
435,SaigonFlex UM-40,Streetwear,20162.56,"SaigonFlex UM-40 - Streetwear (Màu: purple, Size: XL)",Balanced,XL,purple,19154.43
436,SaigonFlex UM-41,Streetwear,22367.92,"SaigonFlex UM-41 - Streetwear (Màu: green, Size: S)",Balanced,S,green,16637.26
437,SaigonFlex UM-42,Streetwear,9651.8,"SaigonFlex UM-42 - Streetwear (Màu: silver, Size: M)",Balanced,M,silver,9169.21
438,SaigonFlex UM-43,Streetwear,11718.53,"SaigonFlex UM-43 - Streetwear (Màu: pink, Size: L)",Balanced,L,pink,6680.73
439,SaigonFlex UM-44,Streetwear,12969.81,"SaigonFlex UM-44 - Streetwear (Màu: yellow, Size: XL)",Balanced,XL,yellow,12321.32
440,SaigonFlex UM-45,Streetwear,19538.72,"SaigonFlex UM-45 - Streetwear (Màu: red, Size: S)",Balanced,S,red,12420.77
441,SaigonFlex UM-46,Streetwear,24.21,"SaigonFlex UM-46 - Streetwear (Màu: black, Size: M)",Balanced,M,black,14.98
442,SaigonFlex UM-47,Streetwear,9240.1,"SaigonFlex UM-47 - Streetwear (Màu: orange, Size: L)",Balanced,L,orange,8778.09
443,SaigonFlex UM-48,Streetwear,10801.31,"SaigonFlex UM-48 - Streetwear (Màu: blue, Size: XL)",Balanced,XL,blue,6176.19
444,SaigonFlex UM-49,Streetwear,13238.56,"SaigonFlex UM-49 - Streetwear (Màu: white, Size: S)",Balanced,S,white,12576.63
445,SaigonFlex UM-50,Streetwear,10819.79,"SaigonFlex UM-50 - Streetwear (Màu: purple, Size: M)",Balanced,M,purple,7440.77
446,SaigonFlex UM-51,Streetwear,29.11,"SaigonFlex UM-51 - Streetwear (Màu: green, Size: L)",Balanced,L,green,17.28
447,SaigonFlex UM-52,Streetwear,18516.82,"SaigonFlex UM-52 - Streetwear (Màu: silver, Size: XL)",Balanced,XL,silver,14254.24
448,SaigonFlex UM-53,Streetwear,45.85,"SaigonFlex UM-53 - Streetwear (Màu: pink, Size: S)",Balanced,S,pink,26.35
449,SaigonFlex UM-54,Streetwear,12600.87,"SaigonFlex UM-54 - Streetwear (Màu: yellow, Size: M)",Balanced,M,yellow,11279.04
450,SaigonFlex UM-55,Streetwear,20605.78,"SaigonFlex UM-55 - Streetwear (Màu: red, Size: L)",Balanced,L,red,17102.8
451,SaigonFlex UM-56,Streetwear,11090.67,"SaigonFlex UM-56 - Streetwear (Màu: black, Size: XL)",Balanced,XL,black,8601.92
452,SaigonFlex UM-57,Streetwear,13107.43,"SaigonFlex UM-57 - Streetwear (Màu: orange, Size: S)",Balanced,S,orange,7168.46
453,SaigonFlex UM-58,Streetwear,20.24,"SaigonFlex UM-58 - Streetwear (Màu: blue, Size: M)",Balanced,M,blue,12.79
454,SaigonFlex UM-59,Streetwear,36.27,"SaigonFlex UM-59 - Streetwear (Màu: white, Size: L)",Balanced,L,white,22.85
455,SaigonFlex UM-60,Streetwear,11674.47,"SaigonFlex UM-60 - Streetwear (Màu: purple, Size: XL)",Balanced,XL,purple,8494.34
456,SaigonFlex UM-61,Streetwear,14175.28,"SaigonFlex UM-61 - Streetwear (Màu: green, Size: S)",Balanced,S,green,10311.1
457,SaigonFlex UM-62,Streetwear,11969.92,"SaigonFlex UM-62 - Streetwear (Màu: silver, Size: M)",Balanced,M,silver,6455.38
458,SaigonFlex UM-63,Streetwear,21423.25,"SaigonFlex UM-63 - Streetwear (Màu: pink, Size: L)",Balanced,L,pink,16733.7
459,SaigonFlex UM-64,Streetwear,12111.79,"SaigonFlex UM-64 - Streetwear (Màu: yellow, Size: XL)",Balanced,XL,yellow,8626.02
460,SaigonFlex UM-65,Streetwear,10932.55,"SaigonFlex UM-65 - Streetwear (Màu: red, Size: S)",Balanced,S,red,9115.56
461,SaigonFlex UM-66,Streetwear,13863.65,"SaigonFlex UM-66 - Streetwear (Màu: black, Size: M)",Balanced,M,black,13170.47
462,SaigonFlex UM-67,Streetwear,24321.98,"SaigonFlex UM-67 - Streetwear (Màu: orange, Size: L)",Balanced,L,orange,20085.09
463,SaigonFlex UM-68,Streetwear,55.86,"SaigonFlex UM-68 - Streetwear (Màu: blue, Size: XL)",Balanced,XL,blue,34.6
464,SaigonFlex UM-69,Streetwear,7809.46,"SaigonFlex UM-69 - Streetwear (Màu: white, Size: S)",Balanced,S,white,4229.6
465,SaigonFlex UM-70,Streetwear,14179.44,"SaigonFlex UM-70 - Streetwear (Màu: purple, Size: M)",Balanced,M,purple,13470.47
466,SaigonFlex UM-71,Streetwear,11204.62,"SaigonFlex UM-71 - Streetwear (Màu: green, Size: L)",Balanced,L,green,8977.14
467,SaigonFlex UM-72,Streetwear,11081.17,"SaigonFlex UM-72 - Streetwear (Màu: silver, Size: XL)",Balanced,XL,silver,6350.62
468,SaigonFlex UM-73,Streetwear,17.41,"SaigonFlex UM-73 - Streetwear (Màu: pink, Size: S)",Balanced,S,pink,10.05
469,SaigonFlex UM-74,Streetwear,35.65,"SaigonFlex UM-74 - Streetwear (Màu: yellow, Size: M)",Balanced,M,yellow,21.71
470,SaigonFlex UM-75,Streetwear,12524.87,"SaigonFlex UM-75 - Streetwear (Màu: red, Size: L)",Balanced,L,red,7330.81
471,SaigonFlex UM-76,Streetwear,11232.98,"SaigonFlex UM-76 - Streetwear (Màu: black, Size: XL)",Balanced,XL,black,10671.33
472,SaigonFlex UM-77,Streetwear,11541.58,"SaigonFlex UM-77 - Streetwear (Màu: orange, Size: S)",Balanced,S,orange,10964.5
473,SaigonFlex UM-78,Streetwear,18458.3,"SaigonFlex UM-78 - Streetwear (Màu: blue, Size: M)",Balanced,M,blue,13679.45
474,SaigonFlex UM-79,Streetwear,36.74,"SaigonFlex UM-79 - Streetwear (Màu: white, Size: L)",Balanced,L,white,21.54
475,SaigonFlex UM-80,Streetwear,12606.23,"SaigonFlex UM-80 - Streetwear (Màu: purple, Size: XL)",Balanced,XL,purple,10040.86
476,SaigonFlex UM-81,Streetwear,23472.73,"SaigonFlex UM-81 - Streetwear (Màu: green, Size: S)",Balanced,S,green,14022.61
477,SaigonFlex UM-82,Streetwear,16438.63,"SaigonFlex UM-82 - Streetwear (Màu: silver, Size: M)",Balanced,M,silver,10491.13
478,SaigonFlex UM-83,Streetwear,17103.87,"SaigonFlex UM-83 - Streetwear (Màu: pink, Size: L)",Balanced,L,pink,10599.27
479,SaigonFlex UM-84,Streetwear,11566.75,"SaigonFlex UM-84 - Streetwear (Màu: yellow, Size: XL)",Balanced,XL,yellow,8072.43
480,SaigonFlex UM-85,Streetwear,45.27,"SaigonFlex UM-85 - Streetwear (Màu: red, Size: S)",Balanced,S,red,25.32
481,SaigonFlex UM-86,Streetwear,9576.34,"SaigonFlex UM-86 - Streetwear (Màu: black, Size: M)",Balanced,M,black,9097.53
482,SaigonFlex UM-87,Streetwear,7907.13,"SaigonFlex UM-87 - Streetwear (Màu: orange, Size: L)",Balanced,L,orange,6264.03
483,SaigonFlex UM-88,Streetwear,19535.01,"SaigonFlex UM-88 - Streetwear (Màu: blue, Size: XL)",Balanced,XL,blue,18558.26
484,SaigonFlex UM-89,Streetwear,15627.15,"SaigonFlex UM-89 - Streetwear (Màu: white, Size: S)",Balanced,S,white,11739.12
485,SaigonFlex UM-90,Streetwear,10231.44,"SaigonFlex UM-90 - Streetwear (Màu: purple, Size: M)",Balanced,M,purple,9719.87
486,SaigonFlex UM-91,Streetwear,11767.72,"SaigonFlex UM-91 - Streetwear (Màu: green, Size: L)",Balanced,L,green,6218.06
487,SaigonFlex UM-92,Streetwear,13019.8,"SaigonFlex UM-92 - Streetwear (Màu: silver, Size: XL)",Balanced,XL,silver,11027.77
488,SaigonFlex UM-93,Streetwear,12855.29,"SaigonFlex UM-93 - Streetwear (Màu: pink, Size: S)",Balanced,S,pink,8786.59
489,SaigonFlex UM-94,Streetwear,10349.29,"SaigonFlex UM-94 - Streetwear (Màu: yellow, Size: M)",Balanced,M,yellow,7115.14
490,SaigonFlex UM-95,Streetwear,9468.39,"SaigonFlex UM-95 - Streetwear (Màu: red, Size: L)",Balanced,L,red,5174.48
491,SaigonFlex UM-96,Streetwear,11060.08,"SaigonFlex UM-96 - Streetwear (Màu: black, Size: XL)",Balanced,XL,black,10507.08
492,SaigonFlex UM-97,Streetwear,11054.69,"SaigonFlex UM-97 - Streetwear (Màu: orange, Size: S)",Balanced,S,orange,9357.8
493,SaigonFlex UM-98,Streetwear,11636.1,"SaigonFlex UM-98 - Streetwear (Màu: blue, Size: M)",Balanced,M,blue,11054.3
494,SaigonFlex UM-99,Streetwear,19351.39,"SaigonFlex UM-99 - Streetwear (Màu: white, Size: L)",Balanced,L,white,13062.19
495,SaigonFlex UM-00,Streetwear,8656.97,"SaigonFlex UM-00 - Streetwear (Màu: purple, Size: XL)",Balanced,XL,purple,6242.54
496,SaigonFlex UM-01,Streetwear,11338.43,"SaigonFlex UM-01 - Streetwear (Màu: green, Size: S)",Balanced,S,green,10771.51
497,SaigonFlex UM-02,Streetwear,17957.93,"SaigonFlex UM-02 - Streetwear (Màu: silver, Size: M)",Balanced,M,silver,17060.03
498,SaigonFlex UM-03,Streetwear,17636.85,"SaigonFlex UM-03 - Streetwear (Màu: pink, Size: L)",Balanced,L,pink,15859.06
499,SaigonFlex UM-04,Streetwear,11293.21,"SaigonFlex UM-04 - Streetwear (Màu: yellow, Size: XL)",Balanced,XL,yellow,6445.04
500,SaigonFlex UM-05,Streetwear,10989.31,"SaigonFlex UM-05 - Streetwear (Màu: red, Size: S)",Balanced,S,red,8723.31
501,SaigonFlex UM-06,Streetwear,13211.57,"SaigonFlex UM-06 - Streetwear (Màu: black, Size: M)",Balanced,M,black,7279.58
502,SaigonFlex UM-07,Streetwear,13275.3,"SaigonFlex UM-07 - Streetwear (Màu: orange, Size: L)",Balanced,L,orange,10121.09
503,SaigonFlex UM-08,Streetwear,21108.8,"SaigonFlex UM-08 - Streetwear (Màu: blue, Size: XL)",Balanced,XL,blue,18867.05
504,SaigonFlex UM-09,Streetwear,22059.31,"SaigonFlex UM-09 - Streetwear (Màu: white, Size: S)",Balanced,S,white,14451.05
505,SaigonFlex UM-10,Streetwear,23693.58,"SaigonFlex UM-10 - Streetwear (Màu: purple, Size: M)",Balanced,M,purple,17609.07
506,SaigonFlex UM-11,Streetwear,15456.91,"SaigonFlex UM-11 - Streetwear (Màu: green, Size: L)",Balanced,L,green,14463.03
507,SaigonFlex UM-12,Streetwear,24574.29,"SaigonFlex UM-12 - Streetwear (Màu: silver, Size: XL)",Balanced,XL,silver,23345.58
508,SaigonFlex UM-13,Streetwear,11576.45,"SaigonFlex UM-13 - Streetwear (Màu: pink, Size: S)",Balanced,S,pink,7095.21
509,SaigonFlex UM-14,Streetwear,20.19,"SaigonFlex UM-14 - Streetwear (Màu: yellow, Size: M)",Balanced,M,yellow,12.96
510,SaigonFlex UM-15,Streetwear,11057.59,"SaigonFlex UM-15 - Streetwear (Màu: red, Size: L)",Balanced,L,red,10398.56
511,SaigonFlex UM-16,Streetwear,20805.12,"SaigonFlex UM-16 - Streetwear (Màu: black, Size: XL)",Balanced,XL,black,13741.78
74,DragonWear UM-01,Streetwear,13273.38,"DragonWear UM-01 - Streetwear (Màu: white, Size: L)",Balanced,L,white,8752.46
75,DragonWear UM-02,Streetwear,19.53,"DragonWear UM-02 - Streetwear (Màu: purple, Size: XL)",Balanced,XL,purple,11.01
76,DragonWear UM-03,Streetwear,10388.7,"DragonWear UM-03 - Streetwear (Màu: green, Size: S)",Balanced,S,green,9422.55
77,DragonWear UM-04,Streetwear,40.8,"DragonWear UM-04 - Streetwear (Màu: silver, Size: M)",Balanced,M,silver,26.32
78,DragonWear UM-05,Streetwear,37.29,"DragonWear UM-05 - Streetwear (Màu: pink, Size: L)",Balanced,L,pink,22.17
79,DragonWear UM-06,Streetwear,36.61,"DragonWear UM-06 - Streetwear (Màu: yellow, Size: XL)",Balanced,XL,yellow,20.81
80,DragonWear UM-07,Streetwear,38.04,"DragonWear UM-07 - Streetwear (Màu: red, Size: S)",Balanced,S,red,22.98
81,DragonWear UM-08,Streetwear,25.23,"DragonWear UM-08 - Streetwear (Màu: black, Size: M)",Balanced,M,black,16.08
82,DragonWear UM-09,Streetwear,36.34,"DragonWear UM-09 - Streetwear (Màu: orange, Size: L)",Balanced,L,orange,22.65
83,DragonWear UM-10,Streetwear,37.23,"DragonWear UM-10 - Streetwear (Màu: blue, Size: XL)",Balanced,XL,blue,23.48
84,DragonWear UM-11,Streetwear,24.88,"DragonWear UM-11 - Streetwear (Màu: white, Size: S)",Balanced,S,white,15.33
85,DragonWear UM-12,Streetwear,69.85,"DragonWear UM-12 - Streetwear (Màu: purple, Size: M)",Balanced,M,purple,43.25
86,DragonWear UM-13,Streetwear,14175.0,"DragonWear UM-13 - Streetwear (Màu: green, Size: L)",Balanced,L,green,13466.25
87,DragonWear UM-14,Streetwear,40.03,"DragonWear UM-14 - Streetwear (Màu: silver, Size: XL)",Balanced,XL,silver,25.41
88,DragonWear UM-15,Streetwear,10710.0,"DragonWear UM-15 - Streetwear (Màu: pink, Size: S)",Balanced,S,pink,5994.39
89,DragonWear UM-16,Streetwear,10073.7,"DragonWear UM-16 - Streetwear (Màu: yellow, Size: M)",Balanced,M,yellow,6682.89
90,DragonWear UM-17,Streetwear,20.56,"DragonWear UM-17 - Streetwear (Màu: red, Size: L)",Balanced,L,red,11.82
91,DragonWear UM-18,Streetwear,43.06,"DragonWear UM-18 - Streetwear (Màu: black, Size: XL)",Balanced,XL,black,25.79
92,DragonWear UM-19,Streetwear,11626.6,"DragonWear UM-19 - Streetwear (Màu: orange, Size: S)",Balanced,S,orange,9137.35
93,DragonWear UM-20,Streetwear,12532.03,"DragonWear UM-20 - Streetwear (Màu: blue, Size: M)",Balanced,M,blue,7611.96
94,DragonWear UM-21,Streetwear,10703.7,"DragonWear UM-21 - Streetwear (Màu: white, Size: L)",Balanced,L,white,9943.74
95,DragonWear UM-22,Streetwear,22.42,"DragonWear UM-22 - Streetwear (Màu: purple, Size: XL)",Balanced,XL,purple,12.83
96,DragonWear UM-23,Streetwear,45.37,"DragonWear UM-23 - Streetwear (Màu: green, Size: S)",Balanced,S,green,29.43
97,DragonWear UM-24,Streetwear,7609.36,"DragonWear UM-24 - Streetwear (Màu: silver, Size: M)",Balanced,M,silver,3939.37
98,DragonWear UM-25,Streetwear,52.64,"DragonWear UM-25 - Streetwear (Màu: pink, Size: L)",Balanced,L,pink,33.92
99,DragonWear UM-26,Streetwear,9443.7,"DragonWear UM-26 - Streetwear (Màu: yellow, Size: XL)",Balanced,XL,yellow,8971.52
100,DragonWear UM-27,Streetwear,12474.0,"DragonWear UM-27 - Streetwear (Màu: red, Size: S)",Balanced,S,red,7666.52
101,DragonWear UM-28,Streetwear,23.85,"DragonWear UM-28 - Streetwear (Màu: black, Size: M)",Balanced,M,black,13.21
102,DragonWear UM-29,Streetwear,48.68,"DragonWear UM-29 - Streetwear (Màu: orange, Size: L)",Balanced,L,orange,30.21
103,DragonWear UM-30,Streetwear,10425.18,"DragonWear UM-30 - Streetwear (Màu: blue, Size: XL)",Balanced,XL,blue,7115.18
104,DragonWear UM-31,Streetwear,39.06,"DragonWear UM-31 - Streetwear (Màu: white, Size: S)",Balanced,S,white,25.1
105,DragonWear UM-32,Streetwear,46.01,"DragonWear UM-32 - Streetwear (Màu: purple, Size: M)",Balanced,M,purple,26.14
106,DragonWear UM-33,Streetwear,11626.29,"DragonWear UM-33 - Streetwear (Màu: green, Size: L)",Balanced,L,green,11044.98
107,DragonWear UM-34,Streetwear,6788.19,"DragonWear UM-34 - Streetwear (Màu: silver, Size: XL)",Balanced,XL,silver,4684.53
108,DragonWear UM-35,Streetwear,11844.0,"DragonWear UM-35 - Streetwear (Màu: pink, Size: S)",Balanced,S,pink,9063.03
109,DragonWear UM-36,Streetwear,14767.08,"DragonWear UM-36 - Streetwear (Màu: yellow, Size: M)",Balanced,M,yellow,14028.72
110,DragonWear UM-37,Streetwear,70.72,"DragonWear UM-37 - Streetwear (Màu: red, Size: L)",Balanced,L,red,42.91
111,DragonWear UM-38,Streetwear,9513.0,"DragonWear UM-38 - Streetwear (Màu: black, Size: XL)",Balanced,XL,black,9037.35
112,DragonWear UM-39,Streetwear,30.02,"DragonWear UM-39 - Streetwear (Màu: orange, Size: S)",Balanced,S,orange,19.26
113,DragonWear UM-40,Streetwear,24.5,"DragonWear UM-40 - Streetwear (Màu: blue, Size: M)",Balanced,M,blue,13.56
114,DragonWear UM-41,Streetwear,10640.7,"DragonWear UM-41 - Streetwear (Màu: white, Size: L)",Balanced,L,white,5747.04
115,DragonWear UM-42,Streetwear,10818.75,"DragonWear UM-42 - Streetwear (Màu: purple, Size: XL)",Balanced,XL,purple,9215.41
116,DragonWear UM-43,Streetwear,23.2,"DragonWear UM-43 - Streetwear (Màu: green, Size: S)",Balanced,S,green,14.38
117,DragonWear UM-44,Streetwear,23.9,"DragonWear UM-44 - Streetwear (Màu: silver, Size: M)",Balanced,M,silver,13.85
118,DragonWear UM-45,Streetwear,18868.5,"DragonWear UM-45 - Streetwear (Màu: pink, Size: L)",Balanced,L,pink,10428.62
119,DragonWear UM-46,Streetwear,32.11,"DragonWear UM-46 - Streetwear (Màu: yellow, Size: XL)",Balanced,XL,yellow,20.63
120,DragonWear UM-47,Streetwear,37.96,"DragonWear UM-47 - Streetwear (Màu: red, Size: S)",Balanced,S,red,24.56
121,DragonWear UM-48,Streetwear,36.99,"DragonWear UM-48 - Streetwear (Màu: black, Size: M)",Balanced,M,black,23.84
122,DragonWear UM-49,Streetwear,46.1,"DragonWear UM-49 - Streetwear (Màu: orange, Size: L)",Balanced,L,orange,27.54
123,DragonWear UM-50,Streetwear,33.29,"DragonWear UM-50 - Streetwear (Màu: blue, Size: XL)",Balanced,XL,blue,21.18
124,DragonWear UM-51,Streetwear,59.23,"DragonWear UM-51 - Streetwear (Màu: white, Size: S)",Balanced,S,white,37.58
125,DragonWear UM-52,Streetwear,6671.7,"DragonWear UM-52 - Streetwear (Màu: purple, Size: M)",Balanced,M,purple,6338.12
126,DragonWear UM-53,Streetwear,29.79,"DragonWear UM-53 - Streetwear (Màu: green, Size: L)",Balanced,L,green,17.33
127,DragonWear UM-54,Streetwear,98.3,"DragonWear UM-54 - Streetwear (Màu: silver, Size: XL)",Balanced,XL,silver,62.22
128,DragonWear UM-55,Streetwear,42.53,"DragonWear UM-55 - Streetwear (Màu: pink, Size: S)",Balanced,S,pink,23.55
129,DragonWear UM-56,Streetwear,23.5,"DragonWear UM-56 - Streetwear (Màu: yellow, Size: M)",Balanced,M,yellow,14.33
199,IndigoViet UM-01,Streetwear,15105.67,"IndigoViet UM-01 - Streetwear (Màu: yellow, Size: XL)",Balanced,XL,yellow,11904.78
200,IndigoViet UM-02,Streetwear,14491.71,"IndigoViet UM-02 - Streetwear (Màu: red, Size: S)",Balanced,S,red,8826.9
201,IndigoViet UM-03,Streetwear,18386.83,"IndigoViet UM-03 - Streetwear (Màu: black, Size: M)",Balanced,M,black,15661.91
202,IndigoViet UM-04,Streetwear,16231.72,"IndigoViet UM-04 - Streetwear (Màu: orange, Size: L)",Balanced,L,orange,15420.13
203,IndigoViet UM-05,Streetwear,12468.7,"IndigoViet UM-05 - Streetwear (Màu: blue, Size: XL)",Balanced,XL,blue,11003.63
204,IndigoViet UM-06,Streetwear,10730.29,"IndigoViet UM-06 - Streetwear (Màu: white, Size: S)",Balanced,S,white,6927.47
205,IndigoViet UM-07,Streetwear,12837.05,"IndigoViet UM-07 - Streetwear (Màu: purple, Size: M)",Balanced,M,purple,7742.03
206,IndigoViet UM-08,Streetwear,10546.53,"IndigoViet UM-08 - Streetwear (Màu: green, Size: L)",Balanced,L,green,5820.63
207,IndigoViet UM-09,Streetwear,11575.16,"IndigoViet UM-09 - Streetwear (Màu: silver, Size: XL)",Balanced,XL,silver,8926.76
208,IndigoViet UM-10,Streetwear,17521.54,"IndigoViet UM-10 - Streetwear (Màu: pink, Size: S)",Balanced,S,pink,9855.86
209,IndigoViet UM-11,Streetwear,19214.37,"IndigoViet UM-11 - Streetwear (Màu: yellow, Size: M)",Balanced,M,yellow,13083.06
210,IndigoViet UM-12,Streetwear,15511.57,"IndigoViet UM-12 - Streetwear (Màu: red, Size: L)",Balanced,L,red,10377.24
223,LotusWear UM-01,Streetwear,10136.85,"LotusWear UM-01 - Streetwear (Màu: blue, Size: XL)",Balanced,XL,blue,5587.43
224,LotusWear UM-02,Streetwear,7682.09,"LotusWear UM-02 - Streetwear (Màu: white, Size: S)",Balanced,S,white,5061.73
225,LotusWear UM-03,Streetwear,9131.85,"LotusWear UM-03 - Streetwear (Màu: purple, Size: M)",Balanced,M,purple,5558.56
226,LotusWear UM-04,Streetwear,8879.85,"LotusWear UM-04 - Streetwear (Màu: green, Size: L)",Balanced,L,green,8435.86
227,LotusWear UM-05,Streetwear,9546.1,"LotusWear UM-05 - Streetwear (Màu: silver, Size: XL)",Balanced,XL,silver,5405.95
228,LotusWear UM-06,Streetwear,7714.35,"LotusWear UM-06 - Streetwear (Màu: pink, Size: S)",Balanced,S,pink,4099.41
817,HanoiStreet UM-01,Streetwear,4913.37,"HanoiStreet UM-01 - Streetwear (Màu: silver, Size: M)",Balanced,M,silver,3947.89
818,HanoiStreet UM-02,Streetwear,21.58,"HanoiStreet UM-02 - Streetwear (Màu: pink, Size: L)",Balanced,L,pink,12.36
819,HanoiStreet UM-03,Streetwear,14579.5,"HanoiStreet UM-03 - Streetwear (Màu: yellow, Size: XL)",Balanced,XL,yellow,12477.14
820,HanoiStreet UM-04,Streetwear,12599.37,"HanoiStreet UM-04 - Streetwear (Màu: red, Size: S)",Balanced,S,red,11653.16
821,HanoiStreet UM-05,Streetwear,40.16,"HanoiStreet UM-05 - Streetwear (Màu: black, Size: M)",Balanced,M,black,22.57
822,HanoiStreet UM-06,Streetwear,4674.73,"HanoiStreet UM-06 - Streetwear (Màu: orange, Size: L)",Balanced,L,orange,4440.99
823,HanoiStreet UM-07,Streetwear,7496.37,"HanoiStreet UM-07 - Streetwear (Màu: blue, Size: XL)",Balanced,XL,blue,7121.55
824,HanoiStreet UM-08,Streetwear,5543.37,"HanoiStreet UM-08 - Streetwear (Màu: white, Size: S)",Balanced,S,white,4445.23
825,HanoiStreet UM-09,Streetwear,30.28,"HanoiStreet UM-09 - Streetwear (Màu: purple, Size: M)",Balanced,M,purple,16.89
826,HanoiStreet UM-10,Streetwear,12730.41,"HanoiStreet UM-10 - Streetwear (Màu: green, Size: L)",Balanced,L,green,12093.89
827,HanoiStreet UM-11,Streetwear,7496.37,"HanoiStreet UM-11 - Streetwear (Màu: silver, Size: XL)",Balanced,XL,silver,6075.81
828,HanoiStreet UM-12,Streetwear,10146.74,"HanoiStreet UM-12 - Streetwear (Màu: pink, Size: S)",Balanced,S,pink,8943.33
829,HanoiStreet UM-13,Streetwear,3815.56,"HanoiStreet UM-13 - Streetwear (Màu: yellow, Size: M)",Balanced,M,yellow,2691.12
830,HanoiStreet UM-14,Streetwear,44.06,"HanoiStreet UM-14 - Streetwear (Màu: red, Size: L)",Balanced,L,red,27.3
831,HanoiStreet UM-15,Streetwear,40.02,"HanoiStreet UM-15 - Streetwear (Màu: black, Size: XL)",Balanced,XL,black,23.37
832,HanoiStreet UM-16,Streetwear,32.16,"HanoiStreet UM-16 - Streetwear (Màu: orange, Size: S)",Balanced,S,orange,20.02
833,HanoiStreet UM-17,Streetwear,23.6,"HanoiStreet UM-17 - Streetwear (Màu: blue, Size: M)",Balanced,M,blue,13.13
834,HanoiStreet UM-18,Streetwear,13229.37,"HanoiStreet UM-18 - Streetwear (Màu: white, Size: L)",Balanced,L,white,10026.54
835,HanoiStreet UM-19,Streetwear,6299.37,"HanoiStreet UM-19 - Streetwear (Màu: purple, Size: XL)",Balanced,XL,purple,5984.4
836,HanoiStreet UM-20,Streetwear,10079.37,"HanoiStreet UM-20 - Streetwear (Màu: green, Size: S)",Balanced,S,green,9571.37
837,HanoiStreet UM-21,Streetwear,10059.68,"HanoiStreet UM-21 - Streetwear (Màu: silver, Size: M)",Balanced,M,silver,9556.7
838,HanoiStreet UM-22,Streetwear,10919.37,"HanoiStreet UM-22 - Streetwear (Màu: pink, Size: L)",Balanced,L,pink,10373.4
839,HanoiStreet UM-23,Streetwear,9597.87,"HanoiStreet UM-23 - Streetwear (Màu: yellow, Size: XL)",Balanced,XL,yellow,7830.9
840,HanoiStreet UM-24,Streetwear,11024.37,"HanoiStreet UM-24 - Streetwear (Màu: red, Size: S)",Balanced,S,red,9145.82
841,HanoiStreet UM-25,Streetwear,18.07,"HanoiStreet UM-25 - Streetwear (Màu: black, Size: M)",Balanced,M,black,10.51
842,HanoiStreet UM-26,Streetwear,9071.37,"HanoiStreet UM-26 - Streetwear (Màu: orange, Size: L)",Balanced,L,orange,6994.93
843,HanoiStreet UM-27,Streetwear,6299.37,"HanoiStreet UM-27 - Streetwear (Màu: blue, Size: XL)",Balanced,XL,blue,5984.4
844,HanoiStreet UM-28,Streetwear,27.7,"HanoiStreet UM-28 - Streetwear (Màu: white, Size: S)",Balanced,S,white,16.73
845,HanoiStreet UM-29,Streetwear,46.64,"HanoiStreet UM-29 - Streetwear (Màu: purple, Size: M)",Balanced,M,purple,29.34
846,HanoiStreet UM-30,Streetwear,6985.37,"HanoiStreet UM-30 - Streetwear (Màu: green, Size: L)",Balanced,L,green,6636.1
847,HanoiStreet UM-31,Streetwear,6929.37,"HanoiStreet UM-31 - Streetwear (Màu: silver, Size: XL)",Balanced,XL,silver,5692.48
848,HanoiStreet UM-32,Streetwear,36.08,"HanoiStreet UM-32 - Streetwear (Màu: pink, Size: S)",Balanced,S,pink,20.99
849,HanoiStreet UM-33,Streetwear,4137.99,"HanoiStreet UM-33 - Streetwear (Màu: yellow, Size: M)",Balanced,M,yellow,3139.08
850,HanoiStreet UM-34,Streetwear,20.12,"HanoiStreet UM-34 - Streetwear (Màu: red, Size: L)",Balanced,L,red,12.33
851,HanoiStreet UM-35,Streetwear,35.49,"HanoiStreet UM-35 - Streetwear (Màu: black, Size: XL)",Balanced,XL,black,22.66
852,HanoiStreet UM-36,Streetwear,9109.17,"HanoiStreet UM-36 - Streetwear (Màu: orange, Size: S)",Balanced,S,orange,8653.71
853,HanoiStreet UM-37,Streetwear,5165.37,"HanoiStreet UM-37 - Streetwear (Màu: blue, Size: M)",Balanced,M,blue,4329.61
854,HanoiStreet UM-38,Streetwear,8770.99,"HanoiStreet UM-38 - Streetwear (Màu: white, Size: L)",Balanced,L,white,8332.44
1027,MekongStyle UM-01,Streetwear,14736.28,"MekongStyle UM-01 - Streetwear (Màu: silver, Size: XL)",Balanced,XL,silver,13999.47
1028,MekongStyle UM-02,Streetwear,13423.98,"MekongStyle UM-02 - Streetwear (Màu: pink, Size: S)",Balanced,S,pink,12210.45
1124,MekongFit UM-01,Streetwear,8199.46,"MekongFit UM-01 - Streetwear (Màu: white, Size: S)",Balanced,S,white,7789.49
1125,MekongFit UM-02,Streetwear,11760.37,"MekongFit UM-02 - Streetwear (Màu: purple, Size: M)",Balanced,M,purple,9002.56
1126,MekongFit UM-03,Streetwear,8742.78,"MekongFit UM-03 - Streetwear (Màu: green, Size: L)",Balanced,L,green,6289.56
1127,MekongFit UM-04,Streetwear,9359.51,"MekongFit UM-04 - Streetwear (Màu: silver, Size: XL)",Balanced,XL,silver,8891.53
1128,MekongFit UM-05,Streetwear,11024.37,"MekongFit UM-05 - Streetwear (Màu: pink, Size: S)",Balanced,S,pink,6125.14
1129,MekongFit UM-06,Streetwear,5529.82,"MekongFit UM-06 - Streetwear (Màu: yellow, Size: M)",Balanced,M,yellow,3583.33
1130,MekongFit UM-07,Streetwear,11780.37,"MekongFit UM-07 - Streetwear (Màu: red, Size: L)",Balanced,L,red,10067.5
1131,MekongFit UM-08,Streetwear,5230.9,"MekongFit UM-08 - Streetwear (Màu: black, Size: XL)",Balanced,XL,black,3135.92
1132,MekongFit UM-09,Streetwear,7701.12,"MekongFit UM-09 - Streetwear (Màu: orange, Size: S)",Balanced,S,orange,4741.58
1133,MekongFit UM-10,Streetwear,7748.37,"MekongFit UM-10 - Streetwear (Màu: blue, Size: M)",Balanced,M,blue,4407.27
1134,MekongFit UM-11,Streetwear,11011.57,"MekongFit UM-11 - Streetwear (Màu: white, Size: L)",Balanced,L,white,8816.96
1135,MekongFit UM-12,Streetwear,11528.37,"MekongFit UM-12 - Streetwear (Màu: purple, Size: XL)",Balanced,XL,purple,10951.95
1136,MekongFit UM-13,Streetwear,9134.37,"MekongFit UM-13 - Streetwear (Màu: green, Size: S)",Balanced,S,green,8677.65
1137,MekongFit UM-14,Streetwear,9511.97,"MekongFit UM-14 - Streetwear (Màu: silver, Size: M)",Balanced,M,silver,5349.53
1138,MekongFit UM-15,Streetwear,2691.99,"MekongFit UM-15 - Streetwear (Màu: pink, Size: L)",Balanced,L,pink,1457.98
1139,MekongFit UM-16,Streetwear,8189.18,"MekongFit UM-16 - Streetwear (Màu: yellow, Size: XL)",Balanced,XL,yellow,6091.93
1140,MekongFit UM-17,Streetwear,9570.26,"MekongFit UM-17 - Streetwear (Màu: red, Size: S)",Balanced,S,red,5120.09
1141,MekongFit UM-18,Streetwear,10507.85,"MekongFit UM-18 - Streetwear (Màu: black, Size: M)",Balanced,M,black,9982.46
1142,MekongFit UM-19,Streetwear,8326.33,"MekongFit UM-19 - Streetwear (Màu: orange, Size: L)",Balanced,L,orange,7398.78
1143,MekongFit UM-20,Streetwear,6625.84,"MekongFit UM-20 - Streetwear (Màu: blue, Size: XL)",Balanced,XL,blue,6294.55
1749,SaigonCore UM-01,Streetwear,7101.19,"SaigonCore UM-01 - Streetwear (Màu: yellow, Size: M)",Balanced,M,yellow,6343.49
1750,SaigonCore UM-02,Streetwear,4962.51,"SaigonCore UM-02 - Streetwear (Màu: red, Size: L)",Balanced,L,red,2940.29
1751,SaigonCore UM-03,Streetwear,8189.37,"SaigonCore UM-03 - Streetwear (Màu: black, Size: XL)",Balanced,XL,black,6178.06
1752,SaigonCore UM-04,Streetwear,9766.06,"SaigonCore UM-04 - Streetwear (Màu: orange, Size: S)",Balanced,S,orange,9277.76
1753,SaigonCore UM-05,Streetwear,11333.7,"SaigonCore UM-05 - Streetwear (Màu: blue, Size: M)",Balanced,M,blue,6682.35
1754,SaigonCore UM-06,Streetwear,38.63,"SaigonCore UM-06 - Streetwear (Màu: white, Size: L)",Balanced,L,white,23.63
1863,BambooCraft UM-01,Streetwear,10115.1,"BambooCraft UM-01 - Streetwear (Màu: blue, Size: XL)",Balanced,XL,blue,6342.17
1864,BambooCraft UM-02,Streetwear,11978.29,"BambooCraft UM-02 - Streetwear (Màu: white, Size: S)",Balanced,S,white,7438.52
1865,BambooCraft UM-03,Streetwear,23.25,"BambooCraft UM-03 - Streetwear (Màu: purple, Size: M)",Balanced,M,purple,13.33
1866,BambooCraft UM-04,Streetwear,13638.15,"BambooCraft UM-04 - Streetwear (Màu: green, Size: L)",Balanced,L,green,9430.78
1867,BambooCraft UM-05,Streetwear,11388.25,"BambooCraft UM-05 - Streetwear (Màu: silver, Size: XL)",Balanced,XL,silver,5870.64
1868,BambooCraft UM-06,Streetwear,14247.51,"BambooCraft UM-06 - Streetwear (Màu: pink, Size: S)",Balanced,S,pink,13535.14
1869,BambooCraft UM-07,Streetwear,11339.37,"BambooCraft UM-07 - Streetwear (Màu: yellow, Size: M)",Balanced,M,yellow,7381.93
1870,BambooCraft UM-08,Streetwear,10134.11,"BambooCraft UM-08 - Streetwear (Màu: red, Size: L)",Balanced,L,red,9627.4
1871,BambooCraft UM-09,Streetwear,12087.15,"BambooCraft UM-09 - Streetwear (Màu: black, Size: XL)",Balanced,XL,black,7307.89
1872,BambooCraft UM-10,Streetwear,15214.6,"BambooCraft UM-10 - Streetwear (Màu: orange, Size: S)",Balanced,S,orange,10097.93
1873,BambooCraft UM-11,Streetwear,9675.6,"BambooCraft UM-11 - Streetwear (Màu: blue, Size: M)",Balanced,M,blue,9191.82
1874,BambooCraft UM-12,Streetwear,10118.75,"BambooCraft UM-12 - Streetwear (Màu: white, Size: L)",Balanced,L,white,9612.81
1875,BambooCraft UM-13,Streetwear,13973.85,"BambooCraft UM-13 - Streetwear (Màu: purple, Size: XL)",Balanced,XL,purple,11114.8
1876,BambooCraft UM-14,Streetwear,17668.01,"BambooCraft UM-14 - Streetwear (Màu: green, Size: S)",Balanced,S,green,16784.61
1877,BambooCraft UM-15,Streetwear,35.22,"BambooCraft UM-15 - Streetwear (Màu: silver, Size: M)",Balanced,M,silver,19.45
1878,BambooCraft UM-16,Streetwear,9708.28,"BambooCraft UM-16 - Streetwear (Màu: pink, Size: L)",Balanced,L,pink,7207.43
1879,BambooCraft UM-17,Streetwear,12504.49,"BambooCraft UM-17 - Streetwear (Màu: yellow, Size: XL)",Balanced,XL,yellow,11879.27
1880,BambooCraft UM-18,Streetwear,11356.87,"BambooCraft UM-18 - Streetwear (Màu: red, Size: S)",Balanced,S,red,6008.92
1881,BambooCraft UM-19,Streetwear,11652.15,"BambooCraft UM-19 - Streetwear (Màu: black, Size: M)",Balanced,M,black,7134.61
1994,UrbanVN UM-01,Streetwear,7359.57,"UrbanVN UM-01 - Streetwear (Màu: white, Size: L)",Balanced,L,white,5306.25
1995,UrbanVN UM-02,Streetwear,5159.31,"UrbanVN UM-02 - Streetwear (Màu: purple, Size: XL)",Balanced,XL,purple,3025.42
1996,UrbanVN UM-03,Streetwear,33.9,"UrbanVN UM-03 - Streetwear (Màu: green, Size: S)",Balanced,S,green,21.59
1997,UrbanVN UM-04,Streetwear,9479.09,"UrbanVN UM-04 - Streetwear (Màu: silver, Size: M)",Balanced,M,silver,7933.05
2110,PhoenixWear UM-01,Streetwear,10835.37,"PhoenixWear UM-01 - Streetwear (Màu: red, Size: L)",Balanced,L,red,10293.6
2111,PhoenixWear UM-02,Streetwear,6929.37,"PhoenixWear UM-02 - Streetwear (Màu: black, Size: XL)",Balanced,XL,black,5689.01
2112,PhoenixWear UM-03,Streetwear,6863.71,"PhoenixWear UM-03 - Streetwear (Màu: orange, Size: S)",Balanced,S,orange,6505.42
2113,PhoenixWear UM-04,Streetwear,20.96,"PhoenixWear UM-04 - Streetwear (Màu: blue, Size: M)",Balanced,M,blue,11.57
2114,PhoenixWear UM-05,Streetwear,10851.12,"PhoenixWear UM-05 - Streetwear (Màu: white, Size: L)",Balanced,L,white,5601.35
2115,PhoenixWear UM-06,Streetwear,7572.4,"PhoenixWear UM-06 - Streetwear (Màu: purple, Size: XL)",Balanced,XL,purple,5696.72
2116,PhoenixWear UM-07,Streetwear,6892.44,"PhoenixWear UM-07 - Streetwear (Màu: green, Size: S)",Balanced,S,green,6547.82
2117,PhoenixWear UM-08,Streetwear,8322.37,"PhoenixWear UM-08 - Streetwear (Màu: silver, Size: M)",Balanced,M,silver,7906.25
2118,PhoenixWear UM-09,Streetwear,38.21,"PhoenixWear UM-09 - Streetwear (Màu: pink, Size: L)",Balanced,L,pink,24.36
2119,PhoenixWear UM-10,Streetwear,8315.37,"PhoenixWear UM-10 - Streetwear (Màu: yellow, Size: XL)",Balanced,XL,yellow,7063.91
2120,PhoenixWear UM-11,Streetwear,6667.37,"PhoenixWear UM-11 - Streetwear (Màu: red, Size: S)",Balanced,S,red,3474.37
2121,PhoenixWear UM-12,Streetwear,7559.25,"PhoenixWear UM-12 - Streetwear (Màu: black, Size: M)",Balanced,M,black,6029.26
2122,PhoenixWear UM-13,Streetwear,12072.09,"PhoenixWear UM-13 - Streetwear (Màu: orange, Size: L)",Balanced,L,orange,9086.66
2123,PhoenixWear UM-14,Streetwear,7489.43,"PhoenixWear UM-14 - Streetwear (Màu: blue, Size: XL)",Balanced,XL,blue,5615.57
2124,PhoenixWear UM-15,Streetwear,10854.36,"PhoenixWear UM-15 - Streetwear (Màu: white, Size: S)",Balanced,S,white,6990.21
2286,VietMotion UM-01,Streetwear,8937.97,"VietMotion UM-01 - Streetwear (Màu: green, Size: L)",Balanced,L,green,8294.44
2287,VietMotion UM-02,Streetwear,10079.37,"VietMotion UM-02 - Streetwear (Màu: silver, Size: XL)",Balanced,XL,silver,7890.13
2288,VietMotion UM-03,Streetwear,41.44,"VietMotion UM-03 - Streetwear (Màu: pink, Size: S)",Balanced,S,pink,24.99
2289,VietMotion UM-04,Streetwear,11018.7,"VietMotion UM-04 - Streetwear (Màu: yellow, Size: M)",Balanced,M,yellow,9739.43
2290,VietMotion UM-05,Streetwear,9669.87,"VietMotion UM-05 - Streetwear (Màu: red, Size: L)",Balanced,L,red,7081.25
2291,VietMotion UM-06,Streetwear,11018.7,"VietMotion UM-06 - Streetwear (Màu: black, Size: XL)",Balanced,XL,black,7937.87
2292,VietMotion UM-07,Streetwear,8635.54,"VietMotion UM-07 - Streetwear (Màu: orange, Size: S)",Balanced,S,orange,6930.88
2293,VietMotion UM-08,Streetwear,9638.37,"VietMotion UM-08 - Streetwear (Màu: blue, Size: M)",Balanced,M,blue,9156.45
2294,VietMotion UM-09,Streetwear,51.07,"VietMotion UM-09 - Streetwear (Màu: white, Size: L)",Balanced,L,white,32.89
2295,VietMotion UM-10,Streetwear,10934.45,"VietMotion UM-10 - Streetwear (Màu: purple, Size: XL)",Balanced,XL,purple,10387.73
2296,VietMotion UM-11,Streetwear,10640.7,"VietMotion UM-11 - Streetwear (Màu: green, Size: S)",Balanced,S,green,8784.96
2297,VietMotion UM-12,Streetwear,50.48,"VietMotion UM-12 - Streetwear (Màu: silver, Size: M)",Balanced,M,silver,31.79
130,DragonWear UR-01,Streetwear,19.09,"DragonWear UR-01 - Streetwear (Màu: red, Size: L)",Standard,L,red,12.4
131,DragonWear UR-02,Streetwear,22.76,"DragonWear UR-02 - Streetwear (Màu: black, Size: XL)",Standard,XL,black,13.31
132,DragonWear UR-03,Streetwear,9387.0,"DragonWear UR-03 - Streetwear (Màu: orange, Size: S)",Standard,S,orange,7485.19
133,DragonWear UR-04,Streetwear,8820.99,"DragonWear UR-04 - Streetwear (Màu: blue, Size: M)",Standard,M,blue,7253.5
134,DragonWear UR-05,Streetwear,40.69,"DragonWear UR-05 - Streetwear (Màu: white, Size: L)",Standard,L,white,25.5
135,DragonWear UR-06,Streetwear,40.67,"DragonWear UR-06 - Streetwear (Màu: purple, Size: XL)",Standard,XL,purple,24.0
136,DragonWear UR-07,Streetwear,5005.35,"DragonWear UR-07 - Streetwear (Màu: green, Size: S)",Standard,S,green,4469.78
137,DragonWear UR-08,Streetwear,40.69,"DragonWear UR-08 - Streetwear (Màu: silver, Size: M)",Standard,M,silver,24.33
138,DragonWear UR-09,Streetwear,154.64,"DragonWear UR-09 - Streetwear (Màu: pink, Size: L)",Standard,L,pink,94.76
139,DragonWear UR-10,Streetwear,41.61,"DragonWear UR-10 - Streetwear (Màu: yellow, Size: XL)",Standard,XL,yellow,26.52
140,DragonWear UR-11,Streetwear,52.16,"DragonWear UR-11 - Streetwear (Màu: red, Size: S)",Standard,S,red,33.82
141,DragonWear UR-12,Streetwear,8183.7,"DragonWear UR-12 - Streetwear (Màu: black, Size: M)",Standard,M,black,7774.51
142,DragonWear UR-13,Streetwear,48.5,"DragonWear UR-13 - Streetwear (Màu: orange, Size: L)",Standard,L,orange,30.4
143,DragonWear UR-14,Streetwear,5549.75,"DragonWear UR-14 - Streetwear (Màu: blue, Size: XL)",Standard,XL,blue,3170.02
144,DragonWear UR-15,Streetwear,5789.7,"DragonWear UR-15 - Streetwear (Màu: white, Size: S)",Standard,S,white,5500.21
145,DragonWear UR-16,Streetwear,42.97,"DragonWear UR-16 - Streetwear (Màu: purple, Size: M)",Standard,M,purple,25.43
146,DragonWear UR-17,Streetwear,29.19,"DragonWear UR-17 - Streetwear (Màu: green, Size: L)",Standard,L,green,17.29
147,DragonWear UR-18,Streetwear,44.86,"DragonWear UR-18 - Streetwear (Màu: silver, Size: XL)",Standard,XL,silver,27.98
148,DragonWear UR-19,Streetwear,8284.5,"DragonWear UR-19 - Streetwear (Màu: pink, Size: S)",Standard,S,pink,7108.1
149,DragonWear UR-20,Streetwear,24.31,"DragonWear UR-20 - Streetwear (Màu: yellow, Size: M)",Standard,M,yellow,13.95
150,DragonWear UR-21,Streetwear,6524.25,"DragonWear UR-21 - Streetwear (Màu: red, Size: L)",Standard,L,red,4447.58
151,DragonWear UR-22,Streetwear,30.12,"DragonWear UR-22 - Streetwear (Màu: black, Size: XL)",Standard,XL,black,16.9
152,DragonWear UR-23,Streetwear,27.27,"DragonWear UR-23 - Streetwear (Màu: orange, Size: S)",Standard,S,orange,15.97
153,DragonWear UR-24,Streetwear,34.22,"DragonWear UR-24 - Streetwear (Màu: blue, Size: M)",Standard,M,blue,19.8
154,DragonWear UR-25,Streetwear,83.58,"DragonWear UR-25 - Streetwear (Màu: white, Size: L)",Standard,L,white,48.45
155,DragonWear UR-26,Streetwear,6032.25,"DragonWear UR-26 - Streetwear (Màu: purple, Size: XL)",Standard,XL,purple,5730.64
156,DragonWear UR-27,Streetwear,15.69,"DragonWear UR-27 - Streetwear (Màu: green, Size: S)",Standard,S,green,9.0
157,DragonWear UR-28,Streetwear,43.58,"DragonWear UR-28 - Streetwear (Màu: silver, Size: M)",Standard,M,silver,24.15
158,DragonWear UR-29,Streetwear,17.37,"DragonWear UR-29 - Streetwear (Màu: pink, Size: L)",Standard,L,pink,9.59
159,DragonWear UR-30,Streetwear,27.42,"DragonWear UR-30 - Streetwear (Màu: yellow, Size: XL)",Standard,XL,yellow,17.79
160,DragonWear UR-31,Streetwear,8757.0,"DragonWear UR-31 - Streetwear (Màu: red, Size: S)",Standard,S,red,8319.15
161,DragonWear UR-32,Streetwear,51.19,"DragonWear UR-32 - Streetwear (Màu: black, Size: M)",Standard,M,black,30.35
162,DragonWear UR-33,Streetwear,33.98,"DragonWear UR-33 - Streetwear (Màu: orange, Size: L)",Standard,L,orange,19.99
163,DragonWear UR-34,Streetwear,6636.26,"DragonWear UR-34 - Streetwear (Màu: blue, Size: XL)",Standard,XL,blue,4713.74
164,DragonWear UR-35,Streetwear,6815.39,"DragonWear UR-35 - Streetwear (Màu: white, Size: S)",Standard,S,white,3720.52
165,DragonWear UR-36,Streetwear,8309.28,"DragonWear UR-36 - Streetwear (Màu: purple, Size: M)",Standard,M,purple,7893.82
166,DragonWear UR-37,Streetwear,21.52,"DragonWear UR-37 - Streetwear (Màu: green, Size: L)",Standard,L,green,13.3
167,DragonWear UR-38,Streetwear,24.88,"DragonWear UR-38 - Streetwear (Màu: silver, Size: XL)",Standard,XL,silver,14.22
168,DragonWear UR-39,Streetwear,43.46,"DragonWear UR-39 - Streetwear (Màu: pink, Size: S)",Standard,S,pink,28.03
169,DragonWear UR-40,Streetwear,24.73,"DragonWear UR-40 - Streetwear (Màu: yellow, Size: M)",Standard,M,yellow,15.54
170,DragonWear UR-41,Streetwear,8793.62,"DragonWear UR-41 - Streetwear (Màu: red, Size: L)",Standard,L,red,5372.03
171,DragonWear UR-42,Streetwear,36.11,"DragonWear UR-42 - Streetwear (Màu: black, Size: XL)",Standard,XL,black,20.18
172,DragonWear UR-43,Streetwear,33.72,"DragonWear UR-43 - Streetwear (Màu: orange, Size: S)",Standard,S,orange,19.96
229,LotusWear UR-01,Streetwear,6513.15,"LotusWear UR-01 - Streetwear (Màu: yellow, Size: M)",Standard,M,yellow,4765.02
230,LotusWear UR-02,Streetwear,8186.85,"LotusWear UR-02 - Streetwear (Màu: red, Size: L)",Standard,L,red,7777.51
231,LotusWear UR-03,Streetwear,8690.85,"LotusWear UR-03 - Streetwear (Màu: black, Size: XL)",Standard,XL,black,8180.7
232,LotusWear UR-04,Streetwear,25.52,"LotusWear UR-04 - Streetwear (Màu: orange, Size: S)",Standard,S,orange,16.28
233,LotusWear UR-05,Streetwear,4721.85,"LotusWear UR-05 - Streetwear (Màu: blue, Size: M)",Standard,M,blue,4485.76
234,LotusWear UR-06,Streetwear,5204.85,"LotusWear UR-06 - Streetwear (Màu: white, Size: L)",Standard,L,white,3942.15
235,LotusWear UR-07,Streetwear,6296.85,"LotusWear UR-07 - Streetwear (Màu: purple, Size: XL)",Standard,XL,purple,3378.26
236,LotusWear UR-08,Streetwear,6434.26,"LotusWear UR-08 - Streetwear (Màu: green, Size: S)",Standard,S,green,5945.25
237,LotusWear UR-09,Streetwear,6401.85,"LotusWear UR-09 - Streetwear (Màu: silver, Size: M)",Standard,M,silver,3225.89
238,LotusWear UR-10,Streetwear,4412.92,"LotusWear UR-10 - Streetwear (Màu: pink, Size: L)",Standard,L,pink,2846.33
239,LotusWear UR-11,Streetwear,4799.28,"LotusWear UR-11 - Streetwear (Màu: yellow, Size: XL)",Standard,XL,yellow,4433.58
240,LotusWear UR-12,Streetwear,5537.75,"LotusWear UR-12 - Streetwear (Màu: red, Size: S)",Standard,S,red,5115.22
241,LotusWear UR-13,Streetwear,5036.85,"LotusWear UR-13 - Streetwear (Màu: black, Size: M)",Standard,M,black,3089.6
242,LotusWear UR-14,Streetwear,5564.34,"LotusWear UR-14 - Streetwear (Màu: orange, Size: L)",Standard,L,orange,3416.5
243,LotusWear UR-15,Streetwear,7241.85,"LotusWear UR-15 - Streetwear (Màu: blue, Size: XL)",Standard,XL,blue,6524.91
244,LotusWear UR-16,Streetwear,7556.85,"LotusWear UR-16 - Streetwear (Màu: white, Size: S)",Standard,S,white,7036.18
245,LotusWear UR-17,Streetwear,78.07,"LotusWear UR-17 - Streetwear (Màu: purple, Size: M)",Standard,M,purple,50.31
246,LotusWear UR-18,Streetwear,8877.43,"LotusWear UR-18 - Streetwear (Màu: green, Size: L)",Standard,L,green,4855.95
247,LotusWear UR-19,Streetwear,4921.97,"LotusWear UR-19 - Streetwear (Màu: silver, Size: XL)",Standard,XL,silver,4675.87
248,LotusWear UR-20,Streetwear,6826.62,"LotusWear UR-20 - Streetwear (Màu: pink, Size: S)",Standard,S,pink,5780.78
249,LotusWear UR-21,Streetwear,5036.85,"LotusWear UR-21 - Streetwear (Màu: yellow, Size: M)",Standard,M,yellow,3544.43
250,LotusWear UR-22,Streetwear,7556.85,"LotusWear UR-22 - Streetwear (Màu: red, Size: L)",Standard,L,red,6491.33
251,LotusWear UR-23,Streetwear,6941.39,"LotusWear UR-23 - Streetwear (Màu: black, Size: XL)",Standard,XL,black,5643.35
252,LotusWear UR-24,Streetwear,7556.85,"LotusWear UR-24 - Streetwear (Màu: orange, Size: S)",Standard,S,orange,4964.09
253,LotusWear UR-25,Streetwear,8816.85,"LotusWear UR-25 - Streetwear (Màu: blue, Size: M)",Standard,M,blue,5025.6
254,LotusWear UR-26,Streetwear,10076.85,"LotusWear UR-26 - Streetwear (Màu: white, Size: L)",Standard,L,white,8442.38
255,LotusWear UR-27,Streetwear,42.67,"LotusWear UR-27 - Streetwear (Màu: purple, Size: XL)",Standard,XL,purple,25.46
256,LotusWear UR-28,Streetwear,5414.85,"LotusWear UR-28 - Streetwear (Màu: green, Size: S)",Standard,S,green,5144.11
257,LotusWear UR-29,Streetwear,7052.85,"LotusWear UR-29 - Streetwear (Màu: silver, Size: M)",Standard,M,silver,5494.17
258,LotusWear UR-30,Streetwear,8186.85,"LotusWear UR-30 - Streetwear (Màu: pink, Size: L)",Standard,L,pink,7777.51
259,LotusWear UR-31,Streetwear,7345.98,"LotusWear UR-31 - Streetwear (Màu: yellow, Size: XL)",Standard,XL,yellow,5610.13
260,LotusWear UR-32,Streetwear,7624.96,"LotusWear UR-32 - Streetwear (Màu: red, Size: S)",Standard,S,red,4062.58
261,LotusWear UR-33,Streetwear,9446.85,"LotusWear UR-33 - Streetwear (Màu: black, Size: M)",Standard,M,black,5966.63
262,LotusWear UR-34,Streetwear,4721.85,"LotusWear UR-34 - Streetwear (Màu: orange, Size: L)",Standard,L,orange,4485.76
263,LotusWear UR-35,Streetwear,6926.85,"LotusWear UR-35 - Streetwear (Màu: blue, Size: XL)",Standard,XL,blue,5641.92
264,LotusWear UR-36,Streetwear,8501.85,"LotusWear UR-36 - Streetwear (Màu: white, Size: S)",Standard,S,white,4445.62
265,LotusWear UR-37,Streetwear,7871.85,"LotusWear UR-37 - Streetwear (Màu: purple, Size: M)",Standard,M,purple,5976.31
266,LotusWear UR-38,Streetwear,8501.85,"LotusWear UR-38 - Streetwear (Màu: green, Size: L)",Standard,L,green,4850.31
267,LotusWear UR-39,Streetwear,4178.04,"LotusWear UR-39 - Streetwear (Màu: silver, Size: XL)",Standard,XL,silver,3405.11
268,LotusWear UR-40,Streetwear,6170.85,"LotusWear UR-40 - Streetwear (Màu: pink, Size: S)",Standard,S,pink,3552.56
269,LotusWear UR-41,Streetwear,5414.85,"LotusWear UR-41 - Streetwear (Màu: yellow, Size: M)",Standard,M,yellow,3976.67
270,LotusWear UR-42,Streetwear,5477.85,"LotusWear UR-42 - Streetwear (Màu: red, Size: L)",Standard,L,red,4012.53
271,LotusWear UR-43,Streetwear,6296.85,"LotusWear UR-43 - Streetwear (Màu: black, Size: XL)",Standard,XL,black,5982.01
272,LotusWear UR-44,Streetwear,7556.85,"LotusWear UR-44 - Streetwear (Màu: orange, Size: S)",Standard,S,orange,5834.64
273,LotusWear UR-45,Streetwear,5173.35,"LotusWear UR-45 - Streetwear (Màu: blue, Size: M)",Standard,M,blue,3073.49
274,LotusWear UR-46,Streetwear,7241.85,"LotusWear UR-46 - Streetwear (Màu: white, Size: L)",Standard,L,white,5346.66
275,LotusWear UR-47,Streetwear,9446.85,"LotusWear UR-47 - Streetwear (Màu: purple, Size: XL)",Standard,XL,purple,7969.36
276,LotusWear UR-48,Streetwear,5749.06,"LotusWear UR-48 - Streetwear (Màu: green, Size: S)",Standard,S,green,3331.58
277,LotusWear UR-49,Streetwear,8678.25,"LotusWear UR-49 - Streetwear (Màu: silver, Size: M)",Standard,M,silver,6332.52
278,LotusWear UR-50,Streetwear,4721.85,"LotusWear UR-50 - Streetwear (Màu: pink, Size: L)",Standard,L,pink,3265.16
279,LotusWear UR-51,Streetwear,8186.85,"LotusWear UR-51 - Streetwear (Màu: yellow, Size: XL)",Standard,XL,yellow,6045.99
512,SaigonFlex UR-01,Streetwear,2895.33,"SaigonFlex UR-01 - Streetwear (Màu: orange, Size: S)",Standard,S,orange,2518.94
855,HanoiStreet UR-01,Streetwear,14.73,"HanoiStreet UR-01 - Streetwear (Màu: purple, Size: XL)",Standard,XL,purple,9.01
856,HanoiStreet UR-02,Streetwear,35.68,"HanoiStreet UR-02 - Streetwear (Màu: green, Size: S)",Standard,S,green,20.22
857,HanoiStreet UR-03,Streetwear,25.41,"HanoiStreet UR-03 - Streetwear (Màu: silver, Size: M)",Standard,M,silver,16.5
858,HanoiStreet UR-04,Streetwear,46.57,"HanoiStreet UR-04 - Streetwear (Màu: pink, Size: L)",Standard,L,pink,26.69
859,HanoiStreet UR-05,Streetwear,24.12,"HanoiStreet UR-05 - Streetwear (Màu: yellow, Size: XL)",Standard,XL,yellow,15.54
860,HanoiStreet UR-06,Streetwear,7496.37,"HanoiStreet UR-06 - Streetwear (Màu: red, Size: S)",Standard,S,red,4533.05
861,HanoiStreet UR-07,Streetwear,31.63,"HanoiStreet UR-07 - Streetwear (Màu: black, Size: M)",Standard,M,black,19.45
862,HanoiStreet UR-08,Streetwear,2246.33,"HanoiStreet UR-08 - Streetwear (Màu: orange, Size: L)",Standard,L,orange,1699.8
863,HanoiStreet UR-09,Streetwear,3653.37,"HanoiStreet UR-09 - Streetwear (Màu: blue, Size: XL)",Standard,XL,blue,3470.7
864,HanoiStreet UR-10,Streetwear,40.53,"HanoiStreet UR-10 - Streetwear (Màu: white, Size: S)",Standard,S,white,24.75
865,HanoiStreet UR-11,Streetwear,46.82,"HanoiStreet UR-11 - Streetwear (Màu: purple, Size: M)",Standard,M,purple,28.15
866,HanoiStreet UR-12,Streetwear,20.49,"HanoiStreet UR-12 - Streetwear (Màu: green, Size: L)",Standard,L,green,11.74
867,HanoiStreet UR-13,Streetwear,28.97,"HanoiStreet UR-13 - Streetwear (Màu: silver, Size: XL)",Standard,XL,silver,16.44
868,HanoiStreet UR-14,Streetwear,27.39,"HanoiStreet UR-14 - Streetwear (Màu: pink, Size: S)",Standard,S,pink,15.67
869,HanoiStreet UR-15,Streetwear,25.5,"HanoiStreet UR-15 - Streetwear (Màu: yellow, Size: M)",Standard,M,yellow,14.5
870,HanoiStreet UR-16,Streetwear,67.1,"HanoiStreet UR-16 - Streetwear (Màu: red, Size: L)",Standard,L,red,42.14
871,HanoiStreet UR-17,Streetwear,38.94,"HanoiStreet UR-17 - Streetwear (Màu: black, Size: XL)",Standard,XL,black,22.78
872,HanoiStreet UR-18,Streetwear,20.0,"HanoiStreet UR-18 - Streetwear (Màu: orange, Size: S)",Standard,S,orange,11.11
873,HanoiStreet UR-19,Streetwear,47.81,"HanoiStreet UR-19 - Streetwear (Màu: blue, Size: M)",Standard,M,blue,30.93
874,HanoiStreet UR-20,Streetwear,77.39,"HanoiStreet UR-20 - Streetwear (Màu: white, Size: L)",Standard,L,white,49.4
875,HanoiStreet UR-21,Streetwear,6314.41,"HanoiStreet UR-21 - Streetwear (Màu: purple, Size: XL)",Standard,XL,purple,4917.67
876,HanoiStreet UR-22,Streetwear,6929.37,"HanoiStreet UR-22 - Streetwear (Màu: green, Size: S)",Standard,S,green,6582.9
877,HanoiStreet UR-23,Streetwear,50.05,"HanoiStreet UR-23 - Streetwear (Màu: silver, Size: M)",Standard,M,silver,32.17
878,HanoiStreet UR-24,Streetwear,18.03,"HanoiStreet UR-24 - Streetwear (Màu: pink, Size: L)",Standard,L,pink,11.71
879,HanoiStreet UR-25,Streetwear,27.28,"HanoiStreet UR-25 - Streetwear (Màu: yellow, Size: XL)",Standard,XL,yellow,15.48
880,HanoiStreet UR-26,Streetwear,54.97,"HanoiStreet UR-26 - Streetwear (Màu: red, Size: S)",Standard,S,red,32.41
881,HanoiStreet UR-27,Streetwear,567.63,"HanoiStreet UR-27 - Streetwear (Màu: black, Size: M)",Standard,M,black,338.14
882,HanoiStreet UR-28,Streetwear,9197.37,"HanoiStreet UR-28 - Streetwear (Màu: orange, Size: L)",Standard,L,orange,8737.5
883,HanoiStreet UR-29,Streetwear,24.95,"HanoiStreet UR-29 - Streetwear (Màu: blue, Size: XL)",Standard,XL,blue,15.62
884,HanoiStreet UR-30,Streetwear,39.55,"HanoiStreet UR-30 - Streetwear (Màu: white, Size: S)",Standard,S,white,24.5
885,HanoiStreet UR-31,Streetwear,45.14,"HanoiStreet UR-31 - Streetwear (Màu: purple, Size: M)",Standard,M,purple,25.52
886,HanoiStreet UR-32,Streetwear,22.86,"HanoiStreet UR-32 - Streetwear (Màu: green, Size: L)",Standard,L,green,14.44
887,HanoiStreet UR-33,Streetwear,32.34,"HanoiStreet UR-33 - Streetwear (Màu: silver, Size: XL)",Standard,XL,silver,18.51
888,HanoiStreet UR-34,Streetwear,9.06,"HanoiStreet UR-34 - Streetwear (Màu: pink, Size: S)",Standard,S,pink,5.18
889,HanoiStreet UR-35,Streetwear,21.98,"HanoiStreet UR-35 - Streetwear (Màu: yellow, Size: M)",Standard,M,yellow,13.27
890,HanoiStreet UR-36,Streetwear,29.93,"HanoiStreet UR-36 - Streetwear (Màu: red, Size: L)",Standard,L,red,18.24
891,HanoiStreet UR-37,Streetwear,20.1,"HanoiStreet UR-37 - Streetwear (Màu: black, Size: XL)",Standard,XL,black,12.22
1144,MekongFit UR-01,Streetwear,4987.52,"MekongFit UR-01 - Streetwear (Màu: white, Size: S)",Standard,S,white,4154.11
1145,MekongFit UR-02,Streetwear,4040.82,"MekongFit UR-02 - Streetwear (Màu: purple, Size: M)",Standard,M,purple,3302.97
1146,MekongFit UR-03,Streetwear,63.62,"MekongFit UR-03 - Streetwear (Màu: green, Size: L)",Standard,L,green,35.57
1147,MekongFit UR-04,Streetwear,18.69,"MekongFit UR-04 - Streetwear (Màu: silver, Size: XL)",Standard,XL,silver,11.92
1148,MekongFit UR-05,Streetwear,3768.47,"MekongFit UR-05 - Streetwear (Màu: pink, Size: S)",Standard,S,pink,2211.71
1149,MekongFit UR-06,Streetwear,440.37,"MekongFit UR-06 - Streetwear (Màu: yellow, Size: M)",Standard,M,yellow,418.35
1150,MekongFit UR-07,Streetwear,5337.0,"MekongFit UR-07 - Streetwear (Màu: red, Size: L)",Standard,L,red,4708.84
1151,MekongFit UR-08,Streetwear,27.77,"MekongFit UR-08 - Streetwear (Màu: black, Size: XL)",Standard,XL,black,16.01
1152,MekongFit UR-09,Streetwear,34.89,"MekongFit UR-09 - Streetwear (Màu: orange, Size: S)",Standard,S,orange,19.64
1153,MekongFit UR-10,Streetwear,4436.41,"MekongFit UR-10 - Streetwear (Màu: blue, Size: M)",Standard,M,blue,3930.21
1154,MekongFit UR-11,Streetwear,58.94,"MekongFit UR-11 - Streetwear (Màu: white, Size: L)",Standard,L,white,37.65
1155,MekongFit UR-12,Streetwear,5890.31,"MekongFit UR-12 - Streetwear (Màu: purple, Size: XL)",Standard,XL,purple,5044.46
1156,MekongFit UR-13,Streetwear,4125.14,"MekongFit UR-13 - Streetwear (Màu: green, Size: S)",Standard,S,green,2224.27
1157,MekongFit UR-14,Streetwear,4556.37,"MekongFit UR-14 - Streetwear (Màu: silver, Size: M)",Standard,M,silver,2443.13
1158,MekongFit UR-15,Streetwear,18.65,"MekongFit UR-15 - Streetwear (Màu: pink, Size: L)",Standard,L,pink,12.04
1159,MekongFit UR-16,Streetwear,52.73,"MekongFit UR-16 - Streetwear (Màu: yellow, Size: XL)",Standard,XL,yellow,33.55
1160,MekongFit UR-17,Streetwear,33.25,"MekongFit UR-17 - Streetwear (Màu: red, Size: S)",Standard,S,red,20.98
1161,MekongFit UR-18,Streetwear,22.36,"MekongFit UR-18 - Streetwear (Màu: black, Size: M)",Standard,M,black,13.76
1162,MekongFit UR-19,Streetwear,39.84,"MekongFit UR-19 - Streetwear (Màu: orange, Size: L)",Standard,L,orange,24.11
1163,MekongFit UR-20,Streetwear,35.86,"MekongFit UR-20 - Streetwear (Màu: blue, Size: XL)",Standard,XL,blue,20.03
1164,MekongFit UR-21,Streetwear,26.05,"MekongFit UR-21 - Streetwear (Màu: white, Size: S)",Standard,S,white,15.39
1668,VietMode UR-01,Streetwear,5164.74,"VietMode UR-01 - Streetwear (Màu: pink, Size: S)",Standard,S,pink,2678.95
1669,VietMode UR-02,Streetwear,5227.74,"VietMode UR-02 - Streetwear (Màu: yellow, Size: M)",Standard,M,yellow,4966.35
1670,VietMode UR-03,Streetwear,5353.74,"VietMode UR-03 - Streetwear (Màu: red, Size: L)",Standard,L,red,4705.94
1755,SaigonCore UR-01,Streetwear,6236.37,"SaigonCore UR-01 - Streetwear (Màu: purple, Size: XL)",Standard,XL,purple,4906.78
1756,SaigonCore UR-02,Streetwear,5663.7,"SaigonCore UR-02 - Streetwear (Màu: green, Size: S)",Standard,S,green,5380.51
1757,SaigonCore UR-03,Streetwear,6307.37,"SaigonCore UR-03 - Streetwear (Màu: silver, Size: M)",Standard,M,silver,3885.97
1758,SaigonCore UR-04,Streetwear,5789.7,"SaigonCore UR-04 - Streetwear (Màu: pink, Size: L)",Standard,L,pink,5500.21
1759,SaigonCore UR-05,Streetwear,5297.99,"SaigonCore UR-05 - Streetwear (Màu: yellow, Size: XL)",Standard,XL,yellow,5033.09
1760,SaigonCore UR-06,Streetwear,8561.7,"SaigonCore UR-06 - Streetwear (Màu: red, Size: S)",Standard,S,red,6144.73
1761,SaigonCore UR-07,Streetwear,10076.85,"SaigonCore UR-07 - Streetwear (Màu: black, Size: M)",Standard,M,black,8257.98
1762,SaigonCore UR-08,Streetwear,5510.7,"SaigonCore UR-08 - Streetwear (Màu: orange, Size: L)",Standard,L,orange,5235.16
1763,SaigonCore UR-09,Streetwear,5743.99,"SaigonCore UR-09 - Streetwear (Màu: blue, Size: XL)",Standard,XL,blue,5456.79
1764,SaigonCore UR-10,Streetwear,6828.57,"SaigonCore UR-10 - Streetwear (Màu: white, Size: S)",Standard,S,white,5400.03
1765,SaigonCore UR-11,Streetwear,2235.93,"SaigonCore UR-11 - Streetwear (Màu: purple, Size: M)",Standard,M,purple,2124.13
1998,UrbanVN UR-01,Streetwear,34.05,"UrbanVN UR-01 - Streetwear (Màu: pink, Size: L)",Standard,L,pink,20.0
1999,UrbanVN UR-02,Streetwear,8126.37,"UrbanVN UR-02 - Streetwear (Màu: yellow, Size: XL)",Standard,XL,yellow,5654.33
2000,UrbanVN UR-03,Streetwear,28.39,"UrbanVN UR-03 - Streetwear (Màu: red, Size: S)",Standard,S,red,16.35
2001,UrbanVN UR-04,Streetwear,34.65,"UrbanVN UR-04 - Streetwear (Màu: black, Size: M)",Standard,M,black,21.57
2002,UrbanVN UR-05,Streetwear,43.16,"UrbanVN UR-05 - Streetwear (Màu: orange, Size: L)",Standard,L,orange,25.88
2003,UrbanVN UR-06,Streetwear,62.45,"UrbanVN UR-06 - Streetwear (Màu: blue, Size: XL)",Standard,XL,blue,34.86
2004,UrbanVN UR-07,Streetwear,5358.4,"UrbanVN UR-07 - Streetwear (Màu: white, Size: S)",Standard,S,white,3888.59
2005,UrbanVN UR-08,Streetwear,3684.87,"UrbanVN UR-08 - Streetwear (Màu: purple, Size: M)",Standard,M,purple,2645.37
2006,UrbanVN UR-09,Streetwear,20.18,"UrbanVN UR-09 - Streetwear (Màu: green, Size: L)",Standard,L,green,11.55
2007,UrbanVN UR-10,Streetwear,77.73,"UrbanVN UR-10 - Streetwear (Màu: silver, Size: XL)",Standard,XL,silver,48.06
2008,UrbanVN UR-11,Streetwear,15.17,"UrbanVN UR-11 - Streetwear (Màu: pink, Size: S)",Standard,S,pink,8.46
2009,UrbanVN UR-12,Streetwear,31.16,"UrbanVN UR-12 - Streetwear (Màu: yellow, Size: M)",Standard,M,yellow,19.79
2010,UrbanVN UR-13,Streetwear,41.9,"UrbanVN UR-13 - Streetwear (Màu: red, Size: L)",Standard,L,red,25.12
2011,UrbanVN UR-14,Streetwear,37.05,"UrbanVN UR-14 - Streetwear (Màu: black, Size: XL)",Standard,XL,black,22.16
2012,UrbanVN UR-15,Streetwear,4660.62,"UrbanVN UR-15 - Streetwear (Màu: orange, Size: S)",Standard,S,orange,4277.05
2013,UrbanVN UR-16,Streetwear,25.81,"UrbanVN UR-16 - Streetwear (Màu: blue, Size: M)",Standard,M,blue,15.73
2014,UrbanVN UR-17,Streetwear,30.47,"UrbanVN UR-17 - Streetwear (Màu: white, Size: L)",Standard,L,white,19.27
2015,UrbanVN UR-18,Streetwear,4382.41,"UrbanVN UR-18 - Streetwear (Màu: purple, Size: XL)",Standard,XL,purple,3917.0
2016,UrbanVN UR-19,Streetwear,3743.54,"UrbanVN UR-19 - Streetwear (Màu: green, Size: S)",Standard,S,green,1998.68
2017,UrbanVN UR-20,Streetwear,27.19,"UrbanVN UR-20 - Streetwear (Màu: silver, Size: M)",Standard,M,silver,15.9
2018,UrbanVN UR-21,Streetwear,26.16,"UrbanVN UR-21 - Streetwear (Màu: pink, Size: L)",Standard,L,pink,16.16
2019,UrbanVN UR-22,Streetwear,46.52,"UrbanVN UR-22 - Streetwear (Màu: yellow, Size: XL)",Standard,XL,yellow,28.22
2020,UrbanVN UR-23,Streetwear,38.2,"UrbanVN UR-23 - Streetwear (Màu: red, Size: S)",Standard,S,red,22.03
2021,UrbanVN UR-24,Streetwear,25.1,"UrbanVN UR-24 - Streetwear (Màu: black, Size: M)",Standard,M,black,16.01
2022,UrbanVN UR-25,Streetwear,2988.26,"UrbanVN UR-25 - Streetwear (Màu: orange, Size: L)",Standard,L,orange,1860.49
2023,UrbanVN UR-26,Streetwear,47.46,"UrbanVN UR-26 - Streetwear (Màu: blue, Size: XL)",Standard,XL,blue,29.89
2024,UrbanVN UR-27,Streetwear,37.45,"UrbanVN UR-27 - Streetwear (Màu: white, Size: S)",Standard,S,white,23.06
2025,UrbanVN UR-28,Streetwear,45.84,"UrbanVN UR-28 - Streetwear (Màu: purple, Size: M)",Standard,M,purple,29.11
2026,UrbanVN UR-29,Streetwear,4409.37,"UrbanVN UR-29 - Streetwear (Màu: green, Size: L)",Standard,L,green,2827.29
2027,UrbanVN UR-30,Streetwear,42.6,"UrbanVN UR-30 - Streetwear (Màu: silver, Size: XL)",Standard,XL,silver,27.12
2028,UrbanVN UR-31,Streetwear,8504.37,"UrbanVN UR-31 - Streetwear (Màu: pink, Size: S)",Standard,S,pink,5160.45
2029,UrbanVN UR-32,Streetwear,2519.37,"UrbanVN UR-32 - Streetwear (Màu: yellow, Size: M)",Standard,M,yellow,2246.27
2030,UrbanVN UR-33,Streetwear,23.77,"UrbanVN UR-33 - Streetwear (Màu: red, Size: L)",Standard,L,red,14.76
2031,UrbanVN UR-34,Streetwear,26.47,"UrbanVN UR-34 - Streetwear (Màu: black, Size: XL)",Standard,XL,black,16.77
2032,UrbanVN UR-35,Streetwear,44.65,"UrbanVN UR-35 - Streetwear (Màu: orange, Size: S)",Standard,S,orange,27.67
2033,UrbanVN UR-36,Streetwear,42.27,"UrbanVN UR-36 - Streetwear (Màu: blue, Size: M)",Standard,M,blue,26.13
2034,UrbanVN UR-37,Streetwear,5039.37,"UrbanVN UR-37 - Streetwear (Màu: white, Size: L)",Standard,L,white,4787.4
2035,UrbanVN UR-38,Streetwear,32.84,"UrbanVN UR-38 - Streetwear (Màu: purple, Size: XL)",Standard,XL,purple,20.09
2036,UrbanVN UR-39,Streetwear,2521.25,"UrbanVN UR-39 - Streetwear (Màu: green, Size: S)",Standard,S,green,2395.19
2037,UrbanVN UR-40,Streetwear,34.71,"UrbanVN UR-40 - Streetwear (Màu: silver, Size: M)",Standard,M,silver,21.7
2038,UrbanVN UR-41,Streetwear,55.21,"UrbanVN UR-41 - Streetwear (Màu: pink, Size: L)",Standard,L,pink,31.24
2039,UrbanVN UR-42,Streetwear,4661.37,"UrbanVN UR-42 - Streetwear (Màu: yellow, Size: XL)",Standard,XL,yellow,2832.71
2040,UrbanVN UR-43,Streetwear,26.14,"UrbanVN UR-43 - Streetwear (Màu: red, Size: S)",Standard,S,red,16.68
2125,PhoenixWear UR-01,Streetwear,6173.37,"PhoenixWear UR-01 - Streetwear (Màu: purple, Size: M)",Standard,M,purple,4869.55
2126,PhoenixWear UR-02,Streetwear,5499.56,"PhoenixWear UR-02 - Streetwear (Màu: green, Size: L)",Standard,L,green,4003.13
2127,PhoenixWear UR-03,Streetwear,5036.85,"PhoenixWear UR-03 - Streetwear (Màu: silver, Size: XL)",Standard,XL,silver,4118.13
2128,PhoenixWear UR-04,Streetwear,4874.56,"PhoenixWear UR-04 - Streetwear (Màu: pink, Size: S)",Standard,S,pink,3880.64
2129,PhoenixWear UR-05,Streetwear,41.22,"PhoenixWear UR-05 - Streetwear (Màu: yellow, Size: M)",Standard,M,yellow,26.26
2130,PhoenixWear UR-06,Streetwear,30.54,"PhoenixWear UR-06 - Streetwear (Màu: red, Size: L)",Standard,L,red,16.89
2131,PhoenixWear UR-07,Streetwear,5354.37,"PhoenixWear UR-07 - Streetwear (Màu: black, Size: XL)",Standard,XL,black,2739.3
2132,PhoenixWear UR-08,Streetwear,4448.25,"PhoenixWear UR-08 - Streetwear (Màu: orange, Size: S)",Standard,S,orange,2596.44
2133,PhoenixWear UR-09,Streetwear,5497.1,"PhoenixWear UR-09 - Streetwear (Màu: blue, Size: M)",Standard,M,blue,5222.25
2134,PhoenixWear UR-10,Streetwear,6133.82,"PhoenixWear UR-10 - Streetwear (Màu: white, Size: L)",Standard,L,white,5691.57
2135,PhoenixWear UR-11,Streetwear,30.35,"PhoenixWear UR-11 - Streetwear (Màu: purple, Size: XL)",Standard,XL,purple,19.2
2136,PhoenixWear UR-12,Streetwear,5342.82,"PhoenixWear UR-12 - Streetwear (Màu: green, Size: S)",Standard,S,green,4014.6
2137,PhoenixWear UR-13,Streetwear,5666.85,"PhoenixWear UR-13 - Streetwear (Màu: silver, Size: M)",Standard,M,silver,5383.51
2138,PhoenixWear UR-14,Streetwear,5385.87,"PhoenixWear UR-14 - Streetwear (Màu: pink, Size: L)",Standard,L,pink,4297.92
2139,PhoenixWear UR-15,Streetwear,51.39,"PhoenixWear UR-15 - Streetwear (Màu: yellow, Size: XL)",Standard,XL,yellow,28.93
2140,PhoenixWear UR-16,Streetwear,6611.85,"PhoenixWear UR-16 - Streetwear (Màu: red, Size: S)",Standard,S,red,4492.09
2141,PhoenixWear UR-17,Streetwear,5669.37,"PhoenixWear UR-17 - Streetwear (Màu: black, Size: M)",Standard,M,black,3855.17
2142,PhoenixWear UR-18,Streetwear,6299.37,"PhoenixWear UR-18 - Streetwear (Màu: orange, Size: L)",Standard,L,orange,5456.51
2143,PhoenixWear UR-19,Streetwear,5280.82,"PhoenixWear UR-19 - Streetwear (Màu: blue, Size: XL)",Standard,XL,blue,4593.78
2144,PhoenixWear UR-20,Streetwear,5279.32,"PhoenixWear UR-20 - Streetwear (Màu: white, Size: S)",Standard,S,white,3096.85
2145,PhoenixWear UR-21,Streetwear,4797.61,"PhoenixWear UR-21 - Streetwear (Màu: purple, Size: M)",Standard,M,purple,3923.97
2146,PhoenixWear UR-22,Streetwear,4598.37,"PhoenixWear UR-22 - Streetwear (Màu: green, Size: L)",Standard,L,green,2925.48
2147,PhoenixWear UR-23,Streetwear,5889.87,"PhoenixWear UR-23 - Streetwear (Màu: silver, Size: XL)",Standard,XL,silver,3678.22
2298,VietMotion UR-01,Streetwear,46.07,"VietMotion UR-01 - Streetwear (Màu: pink, Size: L)",Standard,L,pink,26.88
2299,VietMotion UR-02,Streetwear,45.85,"VietMotion UR-02 - Streetwear (Màu: yellow, Size: XL)",Standard,XL,yellow,28.63
2300,VietMotion UR-03,Streetwear,55.82,"VietMotion UR-03 - Streetwear (Màu: red, Size: S)",Standard,S,red,31.6
2301,VietMotion UR-04,Streetwear,33.39,"VietMotion UR-04 - Streetwear (Màu: black, Size: M)",Standard,M,black,21.1
2302,VietMotion UR-05,Streetwear,43.5,"VietMotion UR-05 - Streetwear (Màu: orange, Size: L)",Standard,L,orange,27.55
2303,VietMotion UR-06,Streetwear,29.25,"VietMotion UR-06 - Streetwear (Màu: blue, Size: XL)",Standard,XL,blue,17.57
2304,VietMotion UR-07,Streetwear,37.7,"VietMotion UR-07 - Streetwear (Màu: white, Size: S)",Standard,S,white,20.76
2305,VietMotion UR-08,Streetwear,31.44,"VietMotion UR-08 - Streetwear (Màu: purple, Size: M)",Standard,M,purple,18.19
2306,VietMotion UR-09,Streetwear,34.43,"VietMotion UR-09 - Streetwear (Màu: green, Size: L)",Standard,L,green,21.06
2307,VietMotion UR-10,Streetwear,3338.37,"VietMotion UR-10 - Streetwear (Màu: silver, Size: XL)",Standard,XL,silver,1819.41
2308,VietMotion UR-11,Streetwear,42.02,"VietMotion UR-11 - Streetwear (Màu: pink, Size: S)",Standard,S,pink,27.23
2309,VietMotion UR-12,Streetwear,3773.7,"VietMotion UR-12 - Streetwear (Màu: yellow, Size: M)",Standard,M,yellow,3585.01
2310,VietMotion UR-13,Streetwear,23.87,"VietMotion UR-13 - Streetwear (Màu: red, Size: L)",Standard,L,red,14.64
2311,VietMotion UR-14,Streetwear,76.47,"VietMotion UR-14 - Streetwear (Màu: black, Size: XL)",Standard,XL,black,44.05
2312,VietMotion UR-15,Streetwear,22.14,"VietMotion UR-15 - Streetwear (Màu: orange, Size: S)",Standard,S,orange,13.58
2313,VietMotion UR-16,Streetwear,20.38,"VietMotion UR-16 - Streetwear (Màu: blue, Size: M)",Standard,M,blue,12.31
2314,VietMotion UR-17,Streetwear,52.63,"VietMotion UR-17 - Streetwear (Màu: white, Size: L)",Standard,L,white,33.05
2315,VietMotion UR-18,Streetwear,45.45,"VietMotion UR-18 - Streetwear (Màu: purple, Size: XL)",Standard,XL,purple,25.49
2316,VietMotion UR-19,Streetwear,42.51,"VietMotion UR-19 - Streetwear (Màu: green, Size: S)",Standard,S,green,26.61
2317,VietMotion UR-20,Streetwear,42.58,"VietMotion UR-20 - Streetwear (Màu: silver, Size: M)",Standard,M,silver,25.72
2318,VietMotion UR-21,Streetwear,32.95,"VietMotion UR-21 - Streetwear (Màu: pink, Size: L)",Standard,L,pink,21.3
2319,VietMotion UR-22,Streetwear,23.13,"VietMotion UR-22 - Streetwear (Màu: yellow, Size: XL)",Standard,XL,yellow,13.51
2320,VietMotion UR-23,Streetwear,34.13,"VietMotion UR-23 - Streetwear (Màu: red, Size: S)",Standard,S,red,20.93
2321,VietMotion UR-24,Streetwear,25.26,"VietMotion UR-24 - Streetwear (Màu: black, Size: M)",Standard,M,black,16.25
2322,VietMotion UR-25,Streetwear,48.91,"VietMotion UR-25 - Streetwear (Màu: orange, Size: L)",Standard,L,orange,27.4
2323,VietMotion UR-26,Streetwear,31.22,"VietMotion UR-26 - Streetwear (Màu: blue, Size: XL)",Standard,XL,blue,20.1
2324,VietMotion UR-27,Streetwear,23.8,"VietMotion UR-27 - Streetwear (Màu: white, Size: S)",Standard,S,white,14.73
2325,VietMotion UR-28,Streetwear,1889.37,"VietMotion UR-28 - Streetwear (Màu: purple, Size: M)",Standard,M,purple,1169.71
2326,VietMotion UR-29,Streetwear,29.12,"VietMotion UR-29 - Streetwear (Màu: green, Size: L)",Standard,L,green,16.21
1,DragonWear MA-01,Casual,4945.5,"DragonWear MA-01 - Casual (Màu: black, Size: M)",All-weather,M,black,2732.88
2,DragonWear MA-02,Casual,39.06,"DragonWear MA-02 - Casual (Màu: orange, Size: L)",All-weather,L,orange,22.66
3,DragonWear MA-03,Casual,10831.38,"DragonWear MA-03 - Casual (Màu: blue, Size: XL)",All-weather,XL,blue,10289.81
4,DragonWear MA-04,Casual,9610.76,"DragonWear MA-04 - Casual (Màu: white, Size: S)",All-weather,S,white,5604.03
5,DragonWear MA-05,Casual,8946.0,"DragonWear MA-05 - Casual (Màu: purple, Size: M)",All-weather,M,purple,8498.7
6,DragonWear MA-06,Casual,26.43,"DragonWear MA-06 - Casual (Màu: green, Size: L)",All-weather,L,green,16.41
7,DragonWear MA-07,Casual,5307.0,"DragonWear MA-07 - Casual (Màu: silver, Size: XL)",All-weather,XL,silver,3533.93
8,DragonWear MA-08,Casual,5353.45,"DragonWear MA-08 - Casual (Màu: pink, Size: S)",All-weather,S,pink,3709.4
9,DragonWear MA-09,Casual,7077.2,"DragonWear MA-09 - Casual (Màu: yellow, Size: M)",All-weather,M,yellow,5879.03
10,DragonWear MA-10,Casual,8183.7,"DragonWear MA-10 - Casual (Màu: red, Size: L)",All-weather,L,red,7774.51
11,DragonWear MA-11,Casual,9135.0,"DragonWear MA-11 - Casual (Màu: black, Size: XL)",All-weather,XL,black,6147.86
12,DragonWear MA-12,Casual,5345.96,"DragonWear MA-12 - Casual (Màu: orange, Size: S)",All-weather,S,orange,3828.78
13,DragonWear MA-13,Casual,5260.3,"DragonWear MA-13 - Casual (Màu: blue, Size: M)",All-weather,M,blue,4066.74
14,DragonWear MA-14,Casual,4896.83,"DragonWear MA-14 - Casual (Màu: white, Size: L)",All-weather,L,white,4396.86
15,DragonWear MA-15,Casual,5669.37,"DragonWear MA-15 - Casual (Màu: purple, Size: XL)",All-weather,XL,purple,3360.8
16,DragonWear MA-16,Casual,8536.5,"DragonWear MA-16 - Casual (Màu: green, Size: S)",All-weather,S,green,7834.8
17,DragonWear MA-17,Casual,4848.11,"DragonWear MA-17 - Casual (Màu: silver, Size: M)",All-weather,M,silver,4140.29
18,DragonWear MA-18,Casual,4712.7,"DragonWear MA-18 - Casual (Màu: pink, Size: L)",All-weather,L,pink,3098.13
19,DragonWear MA-19,Casual,4445.52,"DragonWear MA-19 - Casual (Màu: yellow, Size: XL)",All-weather,XL,yellow,4171.67
20,DragonWear MA-20,Casual,6111.0,"DragonWear MA-20 - Casual (Màu: red, Size: S)",All-weather,S,red,5284.18
21,DragonWear MA-21,Casual,5165.07,"DragonWear MA-21 - Casual (Màu: black, Size: M)",All-weather,M,black,4456.42
22,DragonWear MA-22,Casual,6615.0,"DragonWear MA-22 - Casual (Màu: orange, Size: L)",All-weather,L,orange,3489.41
23,DragonWear MA-23,Casual,9103.5,"DragonWear MA-23 - Casual (Màu: blue, Size: XL)",All-weather,XL,blue,5896.34
24,DragonWear MA-24,Casual,23.83,"DragonWear MA-24 - Casual (Màu: white, Size: S)",All-weather,S,white,13.27
25,DragonWear MA-25,Casual,36.51,"DragonWear MA-25 - Casual (Màu: purple, Size: M)",All-weather,M,purple,22.2
26,DragonWear MA-26,Casual,9437.14,"DragonWear MA-26 - Casual (Màu: green, Size: L)",All-weather,L,green,8226.36
27,DragonWear MA-27,Casual,5077.28,"DragonWear MA-27 - Casual (Màu: silver, Size: XL)",All-weather,XL,silver,4735.07
28,DragonWear MA-28,Casual,5181.75,"DragonWear MA-28 - Casual (Màu: pink, Size: S)",All-weather,S,pink,2631.29
29,DragonWear MA-29,Casual,6293.7,"DragonWear MA-29 - Casual (Màu: yellow, Size: M)",All-weather,M,yellow,5979.01
30,DragonWear MA-30,Casual,10256.4,"DragonWear MA-30 - Casual (Màu: red, Size: L)",All-weather,L,red,7812.3
31,DragonWear MA-31,Casual,8993.32,"DragonWear MA-31 - Casual (Màu: black, Size: XL)",All-weather,XL,black,7894.33
32,DragonWear MA-32,Casual,36.52,"DragonWear MA-32 - Casual (Màu: orange, Size: S)",All-weather,S,orange,21.35
33,DragonWear MA-33,Casual,27.04,"DragonWear MA-33 - Casual (Màu: blue, Size: M)",All-weather,M,blue,16.55
34,DragonWear MA-34,Casual,27.43,"DragonWear MA-34 - Casual (Màu: white, Size: L)",All-weather,L,white,15.21
35,DragonWear MA-35,Casual,5669.37,"DragonWear MA-35 - Casual (Màu: purple, Size: XL)",All-weather,XL,purple,3727.04
36,DragonWear MA-36,Casual,5604.94,"DragonWear MA-36 - Casual (Màu: green, Size: S)",All-weather,S,green,3526.07
37,DragonWear MA-37,Casual,5449.5,"DragonWear MA-37 - Casual (Màu: silver, Size: M)",All-weather,M,silver,5177.02
38,DragonWear MA-38,Casual,5355.0,"DragonWear MA-38 - Casual (Màu: pink, Size: L)",All-weather,L,pink,4705.97
39,DragonWear MA-39,Casual,36.34,"DragonWear MA-39 - Casual (Màu: yellow, Size: XL)",All-weather,XL,yellow,23.15
40,DragonWear MA-40,Casual,12593.7,"DragonWear MA-40 - Casual (Màu: red, Size: S)",All-weather,S,red,11964.02
41,DragonWear MA-41,Casual,10143.0,"DragonWear MA-41 - Casual (Màu: black, Size: M)",All-weather,M,black,8305.09
42,DragonWear MA-42,Casual,12927.6,"DragonWear MA-42 - Casual (Màu: orange, Size: L)",All-weather,L,orange,9403.54
43,DragonWear MA-43,Casual,4898.85,"DragonWear MA-43 - Casual (Màu: blue, Size: XL)",All-weather,XL,blue,4653.91
44,DragonWear MA-44,Casual,5039.37,"DragonWear MA-44 - Casual (Màu: white, Size: S)",All-weather,S,white,4577.76
45,DragonWear MA-45,Casual,5669.37,"DragonWear MA-45 - Casual (Màu: purple, Size: M)",All-weather,M,purple,3456.05
211,LotusWear MA-01,Casual,18.56,"LotusWear MA-01 - Casual (Màu: black, Size: XL)",All-weather,XL,black,12.01
212,LotusWear MA-02,Casual,18.86,"LotusWear MA-02 - Casual (Màu: orange, Size: S)",All-weather,S,orange,12.2
694,HanoiStreet MA-01,Casual,24.84,"HanoiStreet MA-01 - Casual (Màu: white, Size: L)",All-weather,L,white,15.53
695,HanoiStreet MA-02,Casual,30.41,"HanoiStreet MA-02 - Casual (Màu: purple, Size: XL)",All-weather,XL,purple,17.12
696,HanoiStreet MA-03,Casual,37.5,"HanoiStreet MA-03 - Casual (Màu: green, Size: S)",All-weather,S,green,23.47
697,HanoiStreet MA-04,Casual,59.75,"HanoiStreet MA-04 - Casual (Màu: silver, Size: M)",All-weather,M,silver,33.01
698,HanoiStreet MA-05,Casual,46.67,"HanoiStreet MA-05 - Casual (Màu: pink, Size: L)",All-weather,L,pink,25.77
699,HanoiStreet MA-06,Casual,2843.99,"HanoiStreet MA-06 - Casual (Màu: yellow, Size: XL)",All-weather,XL,yellow,1924.53
700,HanoiStreet MA-07,Casual,31.06,"HanoiStreet MA-07 - Casual (Màu: red, Size: S)",All-weather,S,red,18.09
701,HanoiStreet MA-08,Casual,32.86,"HanoiStreet MA-08 - Casual (Màu: black, Size: M)",All-weather,M,black,19.68
702,HanoiStreet MA-09,Casual,3720.71,"HanoiStreet MA-09 - Casual (Màu: orange, Size: L)",All-weather,L,orange,3306.6
703,HanoiStreet MA-10,Casual,22.18,"HanoiStreet MA-10 - Casual (Màu: blue, Size: XL)",All-weather,XL,blue,13.9
704,HanoiStreet MA-11,Casual,32.87,"HanoiStreet MA-11 - Casual (Màu: white, Size: S)",All-weather,S,white,20.33
705,HanoiStreet MA-12,Casual,29.5,"HanoiStreet MA-12 - Casual (Màu: purple, Size: M)",All-weather,M,purple,17.54
706,HanoiStreet MA-13,Casual,3401.37,"HanoiStreet MA-13 - Casual (Màu: green, Size: L)",All-weather,L,green,3231.3
707,HanoiStreet MA-14,Casual,37.68,"HanoiStreet MA-14 - Casual (Màu: silver, Size: XL)",All-weather,XL,silver,21.75
708,HanoiStreet MA-15,Casual,23.79,"HanoiStreet MA-15 - Casual (Màu: pink, Size: S)",All-weather,S,pink,15.45
709,HanoiStreet MA-16,Casual,40.76,"HanoiStreet MA-16 - Casual (Màu: yellow, Size: M)",All-weather,M,yellow,24.16
710,HanoiStreet MA-17,Casual,61.14,"HanoiStreet MA-17 - Casual (Màu: red, Size: L)",All-weather,L,red,36.38
711,HanoiStreet MA-18,Casual,2900.22,"HanoiStreet MA-18 - Casual (Màu: black, Size: XL)",All-weather,XL,black,2181.54
712,HanoiStreet MA-19,Casual,31.71,"HanoiStreet MA-19 - Casual (Màu: orange, Size: S)",All-weather,S,orange,17.96
1043,MekongFit MA-01,Casual,4535.04,"MekongFit MA-01 - Casual (Màu: blue, Size: XL)",All-weather,XL,blue,2953.22
1044,MekongFit MA-02,Casual,3432.87,"MekongFit MA-02 - Casual (Màu: white, Size: S)",All-weather,S,white,3261.23
1045,MekongFit MA-03,Casual,2541.87,"MekongFit MA-03 - Casual (Màu: purple, Size: M)",All-weather,M,purple,1871.58
1046,MekongFit MA-04,Casual,1243.62,"MekongFit MA-04 - Casual (Màu: green, Size: L)",All-weather,L,green,1007.58
1047,MekongFit MA-05,Casual,2653.82,"MekongFit MA-05 - Casual (Màu: silver, Size: XL)",All-weather,XL,silver,1379.99
1048,MekongFit MA-06,Casual,1700.37,"MekongFit MA-06 - Casual (Màu: pink, Size: S)",All-weather,S,pink,1294.32
1049,MekongFit MA-07,Casual,3141.3,"MekongFit MA-07 - Casual (Màu: yellow, Size: M)",All-weather,M,yellow,2842.56
1050,MekongFit MA-08,Casual,3375.73,"MekongFit MA-08 - Casual (Màu: red, Size: L)",All-weather,L,red,2155.4
1051,MekongFit MA-09,Casual,38.89,"MekongFit MA-09 - Casual (Màu: black, Size: XL)",All-weather,XL,black,24.48
1052,MekongFit MA-10,Casual,2991.81,"MekongFit MA-10 - Casual (Màu: orange, Size: S)",All-weather,S,orange,2762.64
1053,MekongFit MA-11,Casual,3460.89,"MekongFit MA-11 - Casual (Màu: blue, Size: M)",All-weather,M,blue,3287.85
1054,MekongFit MA-12,Casual,2960.37,"MekongFit MA-12 - Casual (Màu: white, Size: L)",All-weather,L,white,2812.35
1726,SaigonCore MA-01,Casual,5417.37,"SaigonCore MA-01 - Casual (Màu: green, Size: L)",All-weather,L,green,3360.94
1727,SaigonCore MA-02,Casual,10073.7,"SaigonCore MA-02 - Casual (Màu: silver, Size: XL)",All-weather,XL,silver,7977.36
1728,SaigonCore MA-03,Casual,5993.06,"SaigonCore MA-03 - Casual (Màu: pink, Size: S)",All-weather,S,pink,4755.49
1729,SaigonCore MA-04,Casual,5858.37,"SaigonCore MA-04 - Casual (Màu: yellow, Size: M)",All-weather,M,yellow,4860.1
1730,SaigonCore MA-05,Casual,9553.27,"SaigonCore MA-05 - Casual (Màu: red, Size: L)",All-weather,L,red,6129.37
1731,SaigonCore MA-06,Casual,5543.37,"SaigonCore MA-06 - Casual (Màu: black, Size: XL)",All-weather,XL,black,3675.25
1908,UrbanVN MA-01,Casual,5137.84,"UrbanVN MA-01 - Casual (Màu: pink, Size: S)",All-weather,S,pink,4880.95
1909,UrbanVN MA-02,Casual,2481.64,"UrbanVN MA-02 - Casual (Màu: yellow, Size: M)",All-weather,M,yellow,2028.49
1910,UrbanVN MA-03,Casual,43.64,"UrbanVN MA-03 - Casual (Màu: red, Size: L)",All-weather,L,red,27.03
1911,UrbanVN MA-04,Casual,28.21,"UrbanVN MA-04 - Casual (Màu: black, Size: XL)",All-weather,XL,black,16.14
1912,UrbanVN MA-05,Casual,3973.69,"UrbanVN MA-05 - Casual (Màu: orange, Size: S)",All-weather,S,orange,2680.65
1913,UrbanVN MA-06,Casual,36.22,"UrbanVN MA-06 - Casual (Màu: blue, Size: M)",All-weather,M,blue,20.22
1914,UrbanVN MA-07,Casual,33.28,"UrbanVN MA-07 - Casual (Màu: white, Size: L)",All-weather,L,white,20.57
1915,UrbanVN MA-08,Casual,5795.89,"UrbanVN MA-08 - Casual (Màu: purple, Size: XL)",All-weather,XL,purple,3976.56
1916,UrbanVN MA-09,Casual,3559.95,"UrbanVN MA-09 - Casual (Màu: green, Size: S)",All-weather,S,green,3381.95
1917,UrbanVN MA-10,Casual,34.43,"UrbanVN MA-10 - Casual (Màu: silver, Size: M)",All-weather,M,silver,21.19
1918,UrbanVN MA-11,Casual,8819.37,"UrbanVN MA-11 - Casual (Màu: pink, Size: L)",All-weather,L,pink,8378.4
1919,UrbanVN MA-12,Casual,24.31,"UrbanVN MA-12 - Casual (Màu: yellow, Size: XL)",All-weather,XL,yellow,14.03
1920,UrbanVN MA-13,Casual,3366.6,"UrbanVN MA-13 - Casual (Màu: red, Size: S)",All-weather,S,red,3198.27
1921,UrbanVN MA-14,Casual,33.44,"UrbanVN MA-14 - Casual (Màu: black, Size: M)",All-weather,M,black,21.57
1922,UrbanVN MA-15,Casual,40.41,"UrbanVN MA-15 - Casual (Màu: orange, Size: L)",All-weather,L,orange,22.84
1923,UrbanVN MA-16,Casual,59.17,"UrbanVN MA-16 - Casual (Màu: blue, Size: XL)",All-weather,XL,blue,35.1
1924,UrbanVN MA-17,Casual,4242.39,"UrbanVN MA-17 - Casual (Màu: white, Size: S)",All-weather,S,white,4030.27
1925,UrbanVN MA-18,Casual,48.6,"UrbanVN MA-18 - Casual (Màu: purple, Size: M)",All-weather,M,purple,31.32
2102,PhoenixWear MA-01,Casual,6299.37,"PhoenixWear MA-01 - Casual (Màu: orange, Size: L)",All-weather,L,orange,3167.32
2103,PhoenixWear MA-02,Casual,7489.31,"PhoenixWear MA-02 - Casual (Màu: blue, Size: XL)",All-weather,XL,blue,4647.12
2104,PhoenixWear MA-03,Casual,6859.96,"PhoenixWear MA-03 - Casual (Màu: white, Size: S)",All-weather,S,white,6101.93
2105,PhoenixWear MA-04,Casual,6929.37,"PhoenixWear MA-04 - Casual (Màu: purple, Size: M)",All-weather,M,purple,3756.41
2106,PhoenixWear MA-05,Casual,10011.44,"PhoenixWear MA-05 - Casual (Màu: green, Size: L)",All-weather,L,green,7381.43
2107,PhoenixWear MA-06,Casual,7874.37,"PhoenixWear MA-06 - Casual (Màu: silver, Size: XL)",All-weather,XL,silver,5049.05
2187,VietMotion MA-01,Casual,78.36,"VietMotion MA-01 - Casual (Màu: silver, Size: XL)",All-weather,XL,silver,46.39
2188,VietMotion MA-02,Casual,24.36,"VietMotion MA-02 - Casual (Màu: pink, Size: S)",All-weather,S,pink,14.96
2189,VietMotion MA-03,Casual,3943.05,"VietMotion MA-03 - Casual (Màu: yellow, Size: M)",All-weather,M,yellow,2853.58
2190,VietMotion MA-04,Casual,46.94,"VietMotion MA-04 - Casual (Màu: red, Size: L)",All-weather,L,red,27.68
2191,VietMotion MA-05,Casual,35.64,"VietMotion MA-05 - Casual (Màu: black, Size: XL)",All-weather,XL,black,20.58
2192,VietMotion MA-06,Casual,2587.68,"VietMotion MA-06 - Casual (Màu: orange, Size: S)",All-weather,S,orange,2458.3
2193,VietMotion MA-07,Casual,9177.04,"VietMotion MA-07 - Casual (Màu: blue, Size: M)",All-weather,M,blue,5596.16
2194,VietMotion MA-08,Casual,79.51,"VietMotion MA-08 - Casual (Màu: white, Size: L)",All-weather,L,white,51.56
2195,VietMotion MA-09,Casual,23.97,"VietMotion MA-09 - Casual (Màu: purple, Size: XL)",All-weather,XL,purple,14.16
2196,VietMotion MA-10,Casual,23.67,"VietMotion MA-10 - Casual (Màu: green, Size: S)",All-weather,S,green,15.13
2197,VietMotion MA-11,Casual,2982.69,"VietMotion MA-11 - Casual (Màu: silver, Size: M)",All-weather,M,silver,2833.56
2198,VietMotion MA-12,Casual,26.06,"VietMotion MA-12 - Casual (Màu: pink, Size: L)",All-weather,L,pink,14.93
2199,VietMotion MA-13,Casual,2387.3,"VietMotion MA-13 - Casual (Màu: yellow, Size: XL)",All-weather,XL,yellow,2267.93
2200,VietMotion MA-14,Casual,14.16,"VietMotion MA-14 - Casual (Màu: red, Size: S)",All-weather,S,red,8.09
2201,VietMotion MA-15,Casual,26.83,"VietMotion MA-15 - Casual (Màu: black, Size: M)",All-weather,M,black,14.84
2202,VietMotion MA-16,Casual,3857.99,"VietMotion MA-16 - Casual (Màu: orange, Size: L)",All-weather,L,orange,3393.11
2203,VietMotion MA-17,Casual,10199.7,"VietMotion MA-17 - Casual (Màu: blue, Size: XL)",All-weather,XL,blue,8504.51
68,DragonWear RS-01,Outdoor,4398.87,"DragonWear RS-01 - Outdoor (Màu: pink, Size: S)",Premium,S,pink,4178.93
69,DragonWear RS-02,Outdoor,3910.22,"DragonWear RS-02 - Outdoor (Màu: yellow, Size: M)",Premium,M,yellow,3087.51
70,DragonWear RS-03,Outdoor,5039.37,"DragonWear RS-03 - Outdoor (Màu: red, Size: L)",Premium,L,red,3891.4
71,DragonWear RS-04,Outdoor,4787.37,"DragonWear RS-04 - Outdoor (Màu: black, Size: XL)",Premium,XL,black,4096.55
72,DragonWear RS-05,Outdoor,24.44,"DragonWear RS-05 - Outdoor (Màu: orange, Size: S)",Premium,S,orange,15.04
73,DragonWear RS-06,Outdoor,3882.46,"DragonWear RS-06 - Outdoor (Màu: blue, Size: M)",Premium,M,blue,3688.34
394,SaigonFlex RS-01,Outdoor,19686.87,"SaigonFlex RS-01 - Outdoor (Màu: white, Size: L)",Premium,L,white,17464.22
395,SaigonFlex RS-02,Outdoor,4595.85,"SaigonFlex RS-02 - Outdoor (Màu: purple, Size: XL)",Premium,XL,purple,3068.65
797,HanoiStreet RS-01,Outdoor,3792.84,"HanoiStreet RS-01 - Outdoor (Màu: silver, Size: M)",Premium,M,silver,3178.4
798,HanoiStreet RS-02,Outdoor,35.17,"HanoiStreet RS-02 - Outdoor (Màu: pink, Size: L)",Premium,L,pink,20.64
799,HanoiStreet RS-03,Outdoor,37.97,"HanoiStreet RS-03 - Outdoor (Màu: yellow, Size: XL)",Premium,XL,yellow,24.16
800,HanoiStreet RS-04,Outdoor,3149.37,"HanoiStreet RS-04 - Outdoor (Màu: red, Size: S)",Premium,S,red,2034.18
801,HanoiStreet RS-05,Outdoor,3716.37,"HanoiStreet RS-05 - Outdoor (Màu: black, Size: M)",Premium,M,black,2604.43
802,HanoiStreet RS-06,Outdoor,2015.37,"HanoiStreet RS-06 - Outdoor (Màu: orange, Size: L)",Premium,L,orange,1867.04
803,HanoiStreet RS-07,Outdoor,1920.94,"HanoiStreet RS-07 - Outdoor (Màu: blue, Size: XL)",Premium,XL,blue,1129.13
804,HanoiStreet RS-08,Outdoor,1932.17,"HanoiStreet RS-08 - Outdoor (Màu: white, Size: S)",Premium,S,white,1751.32
805,HanoiStreet RS-09,Outdoor,2267.37,"HanoiStreet RS-09 - Outdoor (Màu: purple, Size: M)",Premium,M,purple,1983.27
806,HanoiStreet RS-10,Outdoor,13293.0,"HanoiStreet RS-10 - Outdoor (Màu: green, Size: L)",Premium,L,green,11389.44
807,HanoiStreet RS-11,Outdoor,2738.72,"HanoiStreet RS-11 - Outdoor (Màu: silver, Size: XL)",Premium,XL,silver,2004.19
808,HanoiStreet RS-12,Outdoor,4185.67,"HanoiStreet RS-12 - Outdoor (Màu: pink, Size: S)",Premium,S,pink,2473.31
809,HanoiStreet RS-13,Outdoor,2845.62,"HanoiStreet RS-13 - Outdoor (Màu: yellow, Size: M)",Premium,M,yellow,1471.18
810,HanoiStreet RS-14,Outdoor,70.14,"HanoiStreet RS-14 - Outdoor (Màu: red, Size: L)",Premium,L,red,41.9
811,HanoiStreet RS-15,Outdoor,3149.37,"HanoiStreet RS-15 - Outdoor (Màu: black, Size: XL)",Premium,XL,black,2991.9
812,HanoiStreet RS-16,Outdoor,6867.0,"HanoiStreet RS-16 - Outdoor (Màu: orange, Size: S)",Premium,S,orange,3823.55
813,HanoiStreet RS-17,Outdoor,3464.37,"HanoiStreet RS-17 - Outdoor (Màu: blue, Size: M)",Premium,M,blue,3291.15
814,HanoiStreet RS-18,Outdoor,48.43,"HanoiStreet RS-18 - Outdoor (Màu: white, Size: L)",Premium,L,white,31.33
815,HanoiStreet RS-19,Outdoor,26.29,"HanoiStreet RS-19 - Outdoor (Màu: purple, Size: XL)",Premium,XL,purple,14.95
816,HanoiStreet RS-20,Outdoor,4614.08,"HanoiStreet RS-20 - Outdoor (Màu: green, Size: S)",Premium,S,green,3811.69
1113,MekongFit RS-01,Outdoor,1870.89,"MekongFit RS-01 - Outdoor (Màu: blue, Size: M)",Premium,M,blue,1564.63
1114,MekongFit RS-02,Outdoor,2070.64,"MekongFit RS-02 - Outdoor (Màu: white, Size: L)",Premium,L,white,1556.5
1115,MekongFit RS-03,Outdoor,4828.93,"MekongFit RS-03 - Outdoor (Màu: purple, Size: XL)",Premium,XL,purple,4587.48
1116,MekongFit RS-04,Outdoor,3151.46,"MekongFit RS-04 - Outdoor (Màu: green, Size: S)",Premium,S,green,1908.21
1117,MekongFit RS-05,Outdoor,3681.74,"MekongFit RS-05 - Outdoor (Màu: silver, Size: M)",Premium,M,silver,2838.99
1118,MekongFit RS-06,Outdoor,4700.35,"MekongFit RS-06 - Outdoor (Màu: pink, Size: L)",Premium,L,pink,4323.85
1119,MekongFit RS-07,Outdoor,3527.37,"MekongFit RS-07 - Outdoor (Màu: yellow, Size: XL)",Premium,XL,yellow,3177.45
1120,MekongFit RS-08,Outdoor,2225.38,"MekongFit RS-08 - Outdoor (Màu: red, Size: S)",Premium,S,red,2045.79
1121,MekongFit RS-09,Outdoor,1007.37,"MekongFit RS-09 - Outdoor (Màu: black, Size: M)",Premium,M,black,957.0
1122,MekongFit RS-10,Outdoor,1500.45,"MekongFit RS-10 - Outdoor (Màu: orange, Size: L)",Premium,L,orange,1425.43
1123,MekongFit RS-11,Outdoor,3137.22,"MekongFit RS-11 - Outdoor (Màu: blue, Size: XL)",Premium,XL,blue,1940.37
1746,SaigonCore RS-01,Outdoor,23.12,"SaigonCore RS-01 - Outdoor (Màu: green, Size: L)",Premium,L,green,14.72
1747,SaigonCore RS-02,Outdoor,40.32,"SaigonCore RS-02 - Outdoor (Màu: silver, Size: XL)",Premium,XL,silver,25.31
1748,SaigonCore RS-03,Outdoor,19.53,"SaigonCore RS-03 - Outdoor (Màu: pink, Size: S)",Premium,S,pink,12.25
1982,UrbanVN RS-01,Outdoor,3984.92,"UrbanVN RS-01 - Outdoor (Màu: orange, Size: L)",Premium,L,orange,3601.97
1983,UrbanVN RS-02,Outdoor,4409.37,"UrbanVN RS-02 - Outdoor (Màu: blue, Size: XL)",Premium,XL,blue,3421.67
1984,UrbanVN RS-03,Outdoor,2204.37,"UrbanVN RS-03 - Outdoor (Màu: white, Size: S)",Premium,S,white,1377.51
1985,UrbanVN RS-04,Outdoor,1920.87,"UrbanVN RS-04 - Outdoor (Màu: purple, Size: M)",Premium,M,purple,1824.83
1986,UrbanVN RS-05,Outdoor,2015.37,"UrbanVN RS-05 - Outdoor (Màu: green, Size: L)",Premium,L,green,1507.3
1987,UrbanVN RS-06,Outdoor,1972.56,"UrbanVN RS-06 - Outdoor (Màu: silver, Size: XL)",Premium,XL,silver,1723.42
1988,UrbanVN RS-07,Outdoor,68.89,"UrbanVN RS-07 - Outdoor (Màu: pink, Size: S)",Premium,S,pink,43.71
1989,UrbanVN RS-08,Outdoor,4632.06,"UrbanVN RS-08 - Outdoor (Màu: yellow, Size: M)",Premium,M,yellow,4400.46
1990,UrbanVN RS-09,Outdoor,3180.1,"UrbanVN RS-09 - Outdoor (Màu: red, Size: L)",Premium,L,red,2713.58
1991,UrbanVN RS-10,Outdoor,3784.94,"UrbanVN RS-10 - Outdoor (Màu: black, Size: XL)",Premium,XL,black,3327.72
1992,UrbanVN RS-11,Outdoor,53.08,"UrbanVN RS-11 - Outdoor (Màu: orange, Size: S)",Premium,S,orange,33.23
1993,UrbanVN RS-12,Outdoor,1448.37,"UrbanVN RS-12 - Outdoor (Màu: blue, Size: M)",Premium,M,blue,800.51
2268,VietMotion RS-01,Outdoor,27.45,"VietMotion RS-01 - Outdoor (Màu: pink, Size: S)",Premium,S,pink,16.82
2269,VietMotion RS-02,Outdoor,3915.43,"VietMotion RS-02 - Outdoor (Màu: yellow, Size: M)",Premium,M,yellow,3719.66
2270,VietMotion RS-03,Outdoor,3778.76,"VietMotion RS-03 - Outdoor (Màu: red, Size: L)",Premium,L,red,3589.83
2271,VietMotion RS-04,Outdoor,16.69,"VietMotion RS-04 - Outdoor (Màu: black, Size: XL)",Premium,XL,black,9.4
2272,VietMotion RS-05,Outdoor,56.91,"VietMotion RS-05 - Outdoor (Màu: orange, Size: S)",Premium,S,orange,31.49
2273,VietMotion RS-06,Outdoor,31.63,"VietMotion RS-06 - Outdoor (Màu: blue, Size: M)",Premium,M,blue,20.31
2274,VietMotion RS-07,Outdoor,54.33,"VietMotion RS-07 - Outdoor (Màu: white, Size: L)",Premium,L,white,33.23
2275,VietMotion RS-08,Outdoor,4487.59,"VietMotion RS-08 - Outdoor (Màu: purple, Size: XL)",Premium,XL,purple,3906.9
2276,VietMotion RS-09,Outdoor,17.5,"VietMotion RS-09 - Outdoor (Màu: green, Size: S)",Premium,S,green,11.02
2277,VietMotion RS-10,Outdoor,3358.79,"VietMotion RS-10 - Outdoor (Màu: silver, Size: M)",Premium,M,silver,3190.85
2278,VietMotion RS-11,Outdoor,26.06,"VietMotion RS-11 - Outdoor (Màu: pink, Size: L)",Premium,L,pink,15.59
2279,VietMotion RS-12,Outdoor,2006.37,"VietMotion RS-12 - Outdoor (Màu: yellow, Size: XL)",Premium,XL,yellow,1041.11
2280,VietMotion RS-13,Outdoor,1977.48,"VietMotion RS-13 - Outdoor (Màu: red, Size: S)",Premium,S,red,1878.61
2281,VietMotion RS-14,Outdoor,33.18,"VietMotion RS-14 - Outdoor (Màu: black, Size: M)",Premium,M,black,18.64
2282,VietMotion RS-15,Outdoor,33.74,"VietMotion RS-15 - Outdoor (Màu: orange, Size: L)",Premium,L,orange,18.98
2283,VietMotion RS-16,Outdoor,27.66,"VietMotion RS-16 - Outdoor (Màu: blue, Size: XL)",Premium,XL,blue,17.11
2284,VietMotion RS-17,Outdoor,3915.94,"VietMotion RS-17 - Outdoor (Màu: white, Size: S)",Premium,S,white,2108.34
2285,VietMotion RS-18,Outdoor,42.48,"VietMotion RS-18 - Outdoor (Màu: purple, Size: M)",Premium,M,purple,25.19
197,DragonWear YY-01,GenZ,6041.7,"DragonWear YY-01 - GenZ (Màu: silver, Size: M)",Trendy,M,silver,5739.62
198,DragonWear YY-02,GenZ,6293.7,"DragonWear YY-02 - GenZ (Màu: pink, Size: L)",Trendy,L,pink,3768.04
1000,HanoiStreet YY-01,GenZ,1188.35,"HanoiStreet YY-01 - GenZ (Màu: red, Size: S)",Trendy,S,red,915.38
1001,HanoiStreet YY-02,GenZ,4904.03,"HanoiStreet YY-02 - GenZ (Màu: black, Size: M)",Trendy,M,black,3874.67
1002,HanoiStreet YY-03,GenZ,3419.93,"HanoiStreet YY-03 - GenZ (Màu: orange, Size: L)",Trendy,L,orange,2547.51
1003,HanoiStreet YY-04,GenZ,1038.87,"HanoiStreet YY-04 - GenZ (Màu: blue, Size: XL)",Trendy,XL,blue,986.93
1004,HanoiStreet YY-05,GenZ,21.61,"HanoiStreet YY-05 - GenZ (Màu: white, Size: S)",Trendy,S,white,12.32
1005,HanoiStreet YY-06,GenZ,1402.41,"HanoiStreet YY-06 - GenZ (Màu: purple, Size: M)",Trendy,M,purple,811.02
1006,HanoiStreet YY-07,GenZ,1119.51,"HanoiStreet YY-07 - GenZ (Màu: green, Size: L)",Trendy,L,green,619.76
1007,HanoiStreet YY-08,GenZ,5436.61,"HanoiStreet YY-08 - GenZ (Màu: silver, Size: XL)",Trendy,XL,silver,5164.78
1008,HanoiStreet YY-09,GenZ,3261.77,"HanoiStreet YY-09 - GenZ (Màu: pink, Size: S)",Trendy,S,pink,2694.22
1009,HanoiStreet YY-10,GenZ,1383.88,"HanoiStreet YY-10 - GenZ (Màu: yellow, Size: M)",Trendy,M,yellow,862.57
1010,HanoiStreet YY-11,GenZ,31.28,"HanoiStreet YY-11 - GenZ (Màu: red, Size: L)",Trendy,L,red,18.74
1011,HanoiStreet YY-12,GenZ,3527.37,"HanoiStreet YY-12 - GenZ (Màu: black, Size: XL)",Trendy,XL,black,2848.35
1012,HanoiStreet YY-13,GenZ,2141.37,"HanoiStreet YY-13 - GenZ (Màu: orange, Size: S)",Trendy,S,orange,1752.28
1013,HanoiStreet YY-14,GenZ,1259.37,"HanoiStreet YY-14 - GenZ (Màu: blue, Size: M)",Trendy,M,blue,1196.4
1014,HanoiStreet YY-15,GenZ,1038.87,"HanoiStreet YY-15 - GenZ (Màu: white, Size: L)",Trendy,L,white,951.4
1015,HanoiStreet YY-16,GenZ,34.75,"HanoiStreet YY-16 - GenZ (Màu: purple, Size: XL)",Trendy,XL,purple,19.33
1016,HanoiStreet YY-17,GenZ,40.68,"HanoiStreet YY-17 - GenZ (Màu: green, Size: S)",Trendy,S,green,24.74
1017,HanoiStreet YY-18,GenZ,3407.94,"HanoiStreet YY-18 - GenZ (Màu: silver, Size: M)",Trendy,M,silver,1959.91
1018,HanoiStreet YY-19,GenZ,44.02,"HanoiStreet YY-19 - GenZ (Màu: pink, Size: L)",Trendy,L,pink,25.4
1019,HanoiStreet YY-20,GenZ,2834.37,"HanoiStreet YY-20 - GenZ (Màu: yellow, Size: XL)",Trendy,XL,yellow,2543.0
1020,HanoiStreet YY-21,GenZ,21.12,"HanoiStreet YY-21 - GenZ (Màu: red, Size: S)",Trendy,S,red,13.3
1021,HanoiStreet YY-22,GenZ,17.93,"HanoiStreet YY-22 - GenZ (Màu: black, Size: M)",Trendy,M,black,10.42
1022,HanoiStreet YY-23,GenZ,1889.37,"HanoiStreet YY-23 - GenZ (Màu: orange, Size: L)",Trendy,L,orange,1779.79
1023,HanoiStreet YY-24,GenZ,3842.37,"HanoiStreet YY-24 - GenZ (Màu: blue, Size: XL)",Trendy,XL,blue,2315.41
1024,HanoiStreet YY-25,GenZ,55.21,"HanoiStreet YY-25 - GenZ (Màu: white, Size: S)",Trendy,S,white,32.88
1025,HanoiStreet YY-26,GenZ,37.82,"HanoiStreet YY-26 - GenZ (Màu: purple, Size: M)",Trendy,M,purple,20.85
1026,HanoiStreet YY-27,GenZ,2172.87,"HanoiStreet YY-27 - GenZ (Màu: green, Size: L)",Trendy,L,green,1809.57
1690,NamStyle YY-01,GenZ,1889.37,"NamStyle YY-01 - GenZ (Màu: red, Size: L)",Trendy,L,red,1538.51
1691,NamStyle YY-02,GenZ,2834.37,"NamStyle YY-02 - GenZ (Màu: black, Size: XL)",Trendy,XL,black,1825.9
1692,NamStyle YY-03,GenZ,1205.09,"NamStyle YY-03 - GenZ (Màu: orange, Size: S)",Trendy,S,orange,1144.84
1693,NamStyle YY-04,GenZ,3987.59,"NamStyle YY-04 - GenZ (Màu: blue, Size: M)",Trendy,M,blue,3788.21
1694,NamStyle YY-05,GenZ,24.55,"NamStyle YY-05 - GenZ (Màu: white, Size: L)",Trendy,L,white,13.68
1695,NamStyle YY-06,GenZ,2015.37,"NamStyle YY-06 - GenZ (Màu: purple, Size: XL)",Trendy,XL,purple,1265.65
1696,NamStyle YY-07,GenZ,2204.37,"NamStyle YY-07 - GenZ (Màu: green, Size: S)",Trendy,S,green,2094.15
1697,NamStyle YY-08,GenZ,2834.37,"NamStyle YY-08 - GenZ (Màu: silver, Size: M)",Trendy,M,silver,2279.68
1698,NamStyle YY-09,GenZ,1898.7,"NamStyle YY-09 - GenZ (Màu: pink, Size: L)",Trendy,L,pink,1803.77
1699,NamStyle YY-10,GenZ,2088.48,"NamStyle YY-10 - GenZ (Màu: yellow, Size: XL)",Trendy,XL,yellow,1689.16
1700,NamStyle YY-11,GenZ,1301.64,"NamStyle YY-11 - GenZ (Màu: red, Size: S)",Trendy,S,red,745.45
1701,NamStyle YY-12,GenZ,3401.37,"NamStyle YY-12 - GenZ (Màu: black, Size: M)",Trendy,M,black,1813.95
1702,NamStyle YY-13,GenZ,1322.37,"NamStyle YY-13 - GenZ (Màu: orange, Size: L)",Trendy,L,orange,1232.32
1703,NamStyle YY-14,GenZ,1242.55,"NamStyle YY-14 - GenZ (Màu: blue, Size: XL)",Trendy,XL,blue,1180.42
1704,NamStyle YY-15,GenZ,1637.37,"NamStyle YY-15 - GenZ (Màu: white, Size: S)",Trendy,S,white,870.92
1705,NamStyle YY-16,GenZ,1812.58,"NamStyle YY-16 - GenZ (Màu: purple, Size: M)",Trendy,M,purple,1721.95
1706,NamStyle YY-17,GenZ,2828.07,"NamStyle YY-17 - GenZ (Màu: green, Size: L)",Trendy,L,green,2686.67
1707,NamStyle YY-18,GenZ,1539.97,"NamStyle YY-18 - GenZ (Màu: silver, Size: XL)",Trendy,XL,silver,1326.07
1708,NamStyle YY-19,GenZ,61.59,"NamStyle YY-19 - GenZ (Màu: pink, Size: S)",Trendy,S,pink,36.29
1709,NamStyle YY-20,GenZ,34.68,"NamStyle YY-20 - GenZ (Màu: yellow, Size: M)",Trendy,M,yellow,20.74
1710,NamStyle YY-21,GenZ,3275.37,"NamStyle YY-21 - GenZ (Màu: red, Size: L)",Trendy,L,red,2180.09
1711,NamStyle YY-22,GenZ,1386.88,"NamStyle YY-22 - GenZ (Màu: black, Size: XL)",Trendy,XL,black,1076.91
1712,NamStyle YY-23,GenZ,3086.37,"NamStyle YY-23 - GenZ (Màu: orange, Size: S)",Trendy,S,orange,2034.84
1713,NamStyle YY-24,GenZ,1353.87,"NamStyle YY-24 - GenZ (Màu: blue, Size: M)",Trendy,M,blue,1286.18
1714,NamStyle YY-25,GenZ,1321.59,"NamStyle YY-25 - GenZ (Màu: white, Size: L)",Trendy,L,white,1255.51
1715,NamStyle YY-26,GenZ,3144.4,"NamStyle YY-26 - GenZ (Màu: purple, Size: XL)",Trendy,XL,purple,2987.18
1716,NamStyle YY-27,GenZ,4283.37,"NamStyle YY-27 - GenZ (Màu: green, Size: S)",Trendy,S,green,4069.2
1717,NamStyle YY-28,GenZ,2204.37,"NamStyle YY-28 - GenZ (Màu: silver, Size: M)",Trendy,M,silver,1660.33
1718,NamStyle YY-29,GenZ,1889.37,"NamStyle YY-29 - GenZ (Màu: pink, Size: L)",Trendy,L,pink,1718.38
1719,NamStyle YY-30,GenZ,53.08,"NamStyle YY-30 - GenZ (Màu: yellow, Size: XL)",Trendy,XL,yellow,32.38
1720,NamStyle YY-31,GenZ,3527.37,"NamStyle YY-31 - GenZ (Màu: red, Size: S)",Trendy,S,red,2218.36
1721,NamStyle YY-32,GenZ,34.02,"NamStyle YY-32 - GenZ (Màu: black, Size: M)",Trendy,M,black,19.7
1722,NamStyle YY-33,GenZ,965.8,"NamStyle YY-33 - GenZ (Màu: orange, Size: L)",Trendy,L,orange,495.46
1723,NamStyle YY-34,GenZ,75.51,"NamStyle YY-34 - GenZ (Màu: blue, Size: XL)",Trendy,XL,blue,46.78
1724,NamStyle YY-35,GenZ,66.83,"NamStyle YY-35 - GenZ (Màu: white, Size: S)",Trendy,S,white,42.5
1725,NamStyle YY-36,GenZ,1542.87,"NamStyle YY-36 - GenZ (Màu: purple, Size: M)",Trendy,M,purple,1465.73
1806,SaigonCore YY-01,GenZ,1385.37,"SaigonCore YY-01 - GenZ (Màu: green, Size: L)",Trendy,L,green,1258.75
1807,SaigonCore YY-02,GenZ,2141.37,"SaigonCore YY-02 - GenZ (Màu: silver, Size: XL)",Trendy,XL,silver,1976.91
1808,SaigonCore YY-03,GenZ,1385.37,"SaigonCore YY-03 - GenZ (Màu: pink, Size: S)",Trendy,S,pink,1090.42
1809,SaigonCore YY-04,GenZ,2719.39,"SaigonCore YY-04 - GenZ (Màu: yellow, Size: M)",Trendy,M,yellow,2583.43
1810,SaigonCore YY-05,GenZ,3308.54,"SaigonCore YY-05 - GenZ (Màu: red, Size: L)",Trendy,L,red,1751.54
1811,SaigonCore YY-06,GenZ,2708.37,"SaigonCore YY-06 - GenZ (Màu: black, Size: XL)",Trendy,XL,black,2572.95
1812,SaigonCore YY-07,GenZ,1103.37,"SaigonCore YY-07 - GenZ (Màu: orange, Size: S)",Trendy,S,orange,1048.2
1813,SaigonCore YY-08,GenZ,1700.37,"SaigonCore YY-08 - GenZ (Màu: blue, Size: M)",Trendy,M,blue,905.28
1814,SaigonCore YY-09,GenZ,6265.98,"SaigonCore YY-09 - GenZ (Màu: white, Size: L)",Trendy,L,white,4713.27
1815,SaigonCore YY-10,GenZ,3912.07,"SaigonCore YY-10 - GenZ (Màu: purple, Size: XL)",Trendy,XL,purple,3222.77
1816,SaigonCore YY-11,GenZ,2229.07,"SaigonCore YY-11 - GenZ (Màu: green, Size: S)",Trendy,S,green,1633.68
1817,SaigonCore YY-12,GenZ,2735.54,"SaigonCore YY-12 - GenZ (Màu: silver, Size: M)",Trendy,M,silver,2598.76
1818,SaigonCore YY-13,GenZ,2515.81,"SaigonCore YY-13 - GenZ (Màu: pink, Size: L)",Trendy,L,pink,2390.02
1819,SaigonCore YY-14,GenZ,3156.62,"SaigonCore YY-14 - GenZ (Màu: yellow, Size: XL)",Trendy,XL,yellow,2453.01
1820,SaigonCore YY-15,GenZ,4598.37,"SaigonCore YY-15 - GenZ (Màu: red, Size: S)",Trendy,S,red,3172.88
1821,SaigonCore YY-16,GenZ,3791.74,"SaigonCore YY-16 - GenZ (Màu: black, Size: M)",Trendy,M,black,3602.16
1822,SaigonCore YY-17,GenZ,4346.37,"SaigonCore YY-17 - GenZ (Màu: orange, Size: L)",Trendy,L,orange,2195.35
1823,SaigonCore YY-18,GenZ,5480.37,"SaigonCore YY-18 - GenZ (Màu: blue, Size: XL)",Trendy,XL,blue,4908.77
1824,SaigonCore YY-19,GenZ,29.98,"SaigonCore YY-19 - GenZ (Màu: white, Size: S)",Trendy,S,white,18.82
1825,SaigonCore YY-20,GenZ,1196.37,"SaigonCore YY-20 - GenZ (Màu: purple, Size: M)",Trendy,M,purple,1136.55
1826,SaigonCore YY-21,GenZ,2652.66,"SaigonCore YY-21 - GenZ (Màu: green, Size: L)",Trendy,L,green,2520.03
1827,SaigonCore YY-22,GenZ,3026.87,"SaigonCore YY-22 - GenZ (Màu: silver, Size: XL)",Trendy,XL,silver,1800.68
1828,SaigonCore YY-23,GenZ,3471.44,"SaigonCore YY-23 - GenZ (Màu: pink, Size: S)",Trendy,S,pink,3117.35
1829,SaigonCore YY-24,GenZ,3934.18,"SaigonCore YY-24 - GenZ (Màu: yellow, Size: M)",Trendy,M,yellow,3731.18
1830,SaigonCore YY-25,GenZ,3707.16,"SaigonCore YY-25 - GenZ (Màu: red, Size: L)",Trendy,L,red,2126.05
1831,SaigonCore YY-26,GenZ,4346.37,"SaigonCore YY-26 - GenZ (Màu: black, Size: XL)",Trendy,XL,black,4129.05
1832,SaigonCore YY-27,GenZ,4371.09,"SaigonCore YY-27 - GenZ (Màu: orange, Size: S)",Trendy,S,orange,3285.31
1833,SaigonCore YY-28,GenZ,1408.51,"SaigonCore YY-28 - GenZ (Màu: blue, Size: M)",Trendy,M,blue,1187.38
1834,SaigonCore YY-29,GenZ,3023.37,"SaigonCore YY-29 - GenZ (Màu: white, Size: L)",Trendy,L,white,2052.87
1835,SaigonCore YY-30,GenZ,48.84,"SaigonCore YY-30 - GenZ (Màu: purple, Size: XL)",Trendy,XL,purple,27.06
1836,SaigonCore YY-31,GenZ,1705.58,"SaigonCore YY-31 - GenZ (Màu: green, Size: S)",Trendy,S,green,1041.77
1837,SaigonCore YY-32,GenZ,1924.84,"SaigonCore YY-32 - GenZ (Màu: silver, Size: M)",Trendy,M,silver,1828.6
1838,SaigonCore YY-33,GenZ,3592.58,"SaigonCore YY-33 - GenZ (Màu: pink, Size: L)",Trendy,L,pink,3074.17
1839,SaigonCore YY-34,GenZ,3149.37,"SaigonCore YY-34 - GenZ (Màu: yellow, Size: XL)",Trendy,XL,yellow,1598.94
1840,SaigonCore YY-35,GenZ,3968.37,"SaigonCore YY-35 - GenZ (Màu: red, Size: S)",Trendy,S,red,2471.1
1841,SaigonCore YY-36,GenZ,1826.37,"SaigonCore YY-36 - GenZ (Màu: black, Size: M)",Trendy,M,black,1111.16
1842,SaigonCore YY-37,GenZ,3086.37,"SaigonCore YY-37 - GenZ (Màu: orange, Size: L)",Trendy,L,orange,2932.05
1843,SaigonCore YY-38,GenZ,1704.79,"SaigonCore YY-38 - GenZ (Màu: blue, Size: XL)",Trendy,XL,blue,1064.98
1844,SaigonCore YY-39,GenZ,2026.1,"SaigonCore YY-39 - GenZ (Màu: white, Size: S)",Trendy,S,white,1822.89
1845,SaigonCore YY-40,GenZ,1211.15,"SaigonCore YY-40 - GenZ (Màu: purple, Size: M)",Trendy,M,purple,735.53
1846,SaigonCore YY-41,GenZ,5606.37,"SaigonCore YY-41 - GenZ (Màu: green, Size: L)",Trendy,L,green,3945.76
1847,SaigonCore YY-42,GenZ,1562.14,"SaigonCore YY-42 - GenZ (Màu: silver, Size: XL)",Trendy,XL,silver,1484.03
1848,SaigonCore YY-43,GenZ,4365.58,"SaigonCore YY-43 - GenZ (Màu: pink, Size: S)",Trendy,S,pink,4147.3
1849,SaigonCore YY-44,GenZ,2771.37,"SaigonCore YY-44 - GenZ (Màu: yellow, Size: M)",Trendy,M,yellow,2632.8
1850,SaigonCore YY-45,GenZ,1929.01,"SaigonCore YY-45 - GenZ (Màu: red, Size: L)",Trendy,L,red,1460.84
1851,SaigonCore YY-46,GenZ,3909.23,"SaigonCore YY-46 - GenZ (Màu: black, Size: XL)",Trendy,XL,black,2716.92
1852,SaigonCore YY-47,GenZ,2043.24,"SaigonCore YY-47 - GenZ (Màu: orange, Size: S)",Trendy,S,orange,1941.08
1853,SaigonCore YY-48,GenZ,4462.21,"SaigonCore YY-48 - GenZ (Màu: blue, Size: M)",Trendy,M,blue,4239.1
1854,SaigonCore YY-49,GenZ,2267.37,"SaigonCore YY-49 - GenZ (Màu: white, Size: L)",Trendy,L,white,1763.11
1855,SaigonCore YY-50,GenZ,2934.64,"SaigonCore YY-50 - GenZ (Màu: purple, Size: XL)",Trendy,XL,purple,2787.91
1856,SaigonCore YY-51,GenZ,1322.37,"SaigonCore YY-51 - GenZ (Màu: green, Size: S)",Trendy,S,green,1104.31
1857,SaigonCore YY-52,GenZ,1203.7,"SaigonCore YY-52 - GenZ (Màu: silver, Size: M)",Trendy,M,silver,1114.38
1858,SaigonCore YY-53,GenZ,3149.37,"SaigonCore YY-53 - GenZ (Màu: pink, Size: L)",Trendy,L,pink,2862.78
1859,SaigonCore YY-54,GenZ,1885.75,"SaigonCore YY-54 - GenZ (Màu: yellow, Size: XL)",Trendy,XL,yellow,1552.16
1860,SaigonCore YY-55,GenZ,2319.87,"SaigonCore YY-55 - GenZ (Màu: red, Size: S)",Trendy,S,red,1394.47
1861,SaigonCore YY-56,GenZ,1259.37,"SaigonCore YY-56 - GenZ (Màu: black, Size: M)",Trendy,M,black,828.16
1862,SaigonCore YY-57,GenZ,2656.23,"SaigonCore YY-57 - GenZ (Màu: orange, Size: L)",Trendy,L,orange,1842.63
2097,UrbanVN YY-01,GenZ,5908.77,"UrbanVN YY-01 - GenZ (Màu: silver, Size: M)",Trendy,M,silver,5613.33
2098,UrbanVN YY-02,GenZ,3660.2,"UrbanVN YY-02 - GenZ (Màu: pink, Size: L)",Trendy,L,pink,3166.07
2099,UrbanVN YY-03,GenZ,4994.56,"UrbanVN YY-03 - GenZ (Màu: yellow, Size: XL)",Trendy,XL,yellow,4502.1
2100,UrbanVN YY-04,GenZ,4801.85,"UrbanVN YY-04 - GenZ (Màu: red, Size: S)",Trendy,S,red,2893.11
2101,UrbanVN YY-05,GenZ,42.87,"UrbanVN YY-05 - GenZ (Màu: black, Size: M)",Trendy,M,black,25.64
2392,VietMotion YY-01,GenZ,57.25,"VietMotion YY-01 - GenZ (Màu: orange, Size: S)",Trendy,S,orange,32.09
2393,VietMotion YY-02,GenZ,1278.23,"VietMotion YY-02 - GenZ (Màu: blue, Size: M)",Trendy,M,blue,1214.32
2394,VietMotion YY-03,GenZ,1618.17,"VietMotion YY-03 - GenZ (Màu: white, Size: L)",Trendy,L,white,1252.47
2395,VietMotion YY-04,GenZ,1987.57,"VietMotion YY-04 - GenZ (Màu: purple, Size: XL)",Trendy,XL,purple,1152.39
2396,VietMotion YY-05,GenZ,1182.85,"VietMotion YY-05 - GenZ (Màu: green, Size: S)",Trendy,S,green,799.02
2397,VietMotion YY-06,GenZ,22.51,"VietMotion YY-06 - GenZ (Màu: silver, Size: M)",Trendy,M,silver,12.93
2398,VietMotion YY-07,GenZ,43.57,"VietMotion YY-07 - GenZ (Màu: pink, Size: L)",Trendy,L,pink,28.26
2399,VietMotion YY-08,GenZ,1631.7,"VietMotion YY-08 - GenZ (Màu: yellow, Size: XL)",Trendy,XL,yellow,1550.12
2400,VietMotion YY-09,GenZ,1109.26,"VietMotion YY-09 - GenZ (Màu: red, Size: S)",Trendy,S,red,1053.8
2401,VietMotion YY-10,GenZ,2015.37,"VietMotion YY-10 - GenZ (Màu: black, Size: M)",Trendy,M,black,1140.9
2402,VietMotion YY-11,GenZ,3733.95,"VietMotion YY-11 - GenZ (Màu: orange, Size: L)",Trendy,L,orange,1874.44
2403,VietMotion YY-12,GenZ,1616.8,"VietMotion YY-12 - GenZ (Màu: blue, Size: XL)",Trendy,XL,blue,850.28
2404,VietMotion YY-13,GenZ,3296.85,"VietMotion YY-13 - GenZ (Màu: white, Size: S)",Trendy,S,white,2940.13
2405,VietMotion YY-14,GenZ,5084.87,"VietMotion YY-14 - GenZ (Màu: purple, Size: M)",Trendy,M,purple,2906.0
2406,VietMotion YY-15,GenZ,1085.29,"VietMotion YY-15 - GenZ (Màu: green, Size: L)",Trendy,L,green,871.27
2407,VietMotion YY-16,GenZ,936.01,"VietMotion YY-16 - GenZ (Màu: silver, Size: XL)",Trendy,XL,silver,826.41
2408,VietMotion YY-17,GenZ,50.57,"VietMotion YY-17 - GenZ (Màu: pink, Size: S)",Trendy,S,pink,28.53
2409,VietMotion YY-18,GenZ,16.39,"VietMotion YY-18 - GenZ (Màu: yellow, Size: M)",Trendy,M,yellow,9.83
2410,VietMotion YY-19,GenZ,1234.17,"VietMotion YY-19 - GenZ (Màu: red, Size: L)",Trendy,L,red,1020.04
2411,VietMotion YY-20,GenZ,20.63,"VietMotion YY-20 - GenZ (Màu: black, Size: XL)",Trendy,XL,black,12.62
2412,VietMotion YY-21,GenZ,1233.09,"VietMotion YY-21 - GenZ (Màu: orange, Size: S)",Trendy,S,orange,836.53
1563,VietMode RS-01,Outdoor,3463.74,"VietMode RS-01 - Outdoor (Màu: blue, Size: XL)",Premium,XL,blue,3132.26
1564,VietMode RS-02,Outdoor,4112.82,"VietMode RS-02 - Outdoor (Màu: white, Size: S)",Premium,S,white,3718.4
1565,VietMode RS-03,Outdoor,3747.24,"VietMode RS-03 - Outdoor (Màu: purple, Size: M)",Premium,M,purple,2006.27
1566,VietMode RS-04,Outdoor,4467.96,"VietMode RS-04 - Outdoor (Màu: green, Size: L)",Premium,L,green,3904.1
1567,VietMode RS-05,Outdoor,4999.05,"VietMode RS-05 - Outdoor (Màu: silver, Size: XL)",Premium,XL,silver,4046.23
1568,VietMode RS-06,Outdoor,5303.07,"VietMode RS-06 - Outdoor (Màu: pink, Size: S)",Premium,S,pink,3703.66
1569,VietMode RS-07,Outdoor,5039.37,"VietMode RS-07 - Outdoor (Màu: yellow, Size: M)",Premium,M,yellow,2522.71
1570,VietMode RS-08,Outdoor,14.65,"VietMode RS-08 - Outdoor (Màu: red, Size: L)",Premium,L,red,9.09
1571,VietMode RS-09,Outdoor,29.73,"VietMode RS-09 - Outdoor (Màu: black, Size: XL)",Premium,XL,black,18.02
1572,VietMode RS-10,Outdoor,3873.24,"VietMode RS-10 - Outdoor (Màu: orange, Size: S)",Premium,S,orange,2666.34
1573,VietMode RS-11,Outdoor,44.12,"VietMode RS-11 - Outdoor (Màu: blue, Size: M)",Premium,M,blue,24.31
1574,VietMode RS-12,Outdoor,60.4,"VietMode RS-12 - Outdoor (Màu: white, Size: L)",Premium,L,white,35.19
1575,VietMode RS-13,Outdoor,3356.79,"VietMode RS-13 - Outdoor (Màu: purple, Size: XL)",Premium,XL,purple,3188.95
1576,VietMode RS-14,Outdoor,2706.41,"VietMode RS-14 - Outdoor (Màu: green, Size: S)",Premium,S,green,2571.09
1577,VietMode RS-15,Outdoor,5983.74,"VietMode RS-15 - Outdoor (Màu: silver, Size: M)",Premium,M,silver,5684.55
1578,VietMode RS-16,Outdoor,34.11,"VietMode RS-16 - Outdoor (Màu: pink, Size: L)",Premium,L,pink,20.53
1579,VietMode RS-17,Outdoor,63.53,"VietMode RS-17 - Outdoor (Màu: yellow, Size: XL)",Premium,XL,yellow,35.5
1580,VietMode RS-18,Outdoor,19.07,"VietMode RS-18 - Outdoor (Màu: red, Size: S)",Premium,S,red,11.16
1581,VietMode RS-19,Outdoor,16.75,"VietMode RS-19 - Outdoor (Màu: black, Size: M)",Premium,M,black,9.27
1582,VietMode RS-20,Outdoor,32.39,"VietMode RS-20 - Outdoor (Màu: orange, Size: L)",Premium,L,orange,18.07
1583,VietMode RS-21,Outdoor,5668.74,"VietMode RS-21 - Outdoor (Màu: blue, Size: XL)",Premium,XL,blue,2943.21
1584,VietMode RS-22,Outdoor,4358.77,"VietMode RS-22 - Outdoor (Màu: white, Size: S)",Premium,S,white,3938.15
1585,VietMode RS-23,Outdoor,5039.37,"VietMode RS-23 - Outdoor (Màu: purple, Size: M)",Premium,M,purple,4674.52
1586,VietMode RS-24,Outdoor,4661.37,"VietMode RS-24 - Outdoor (Màu: green, Size: L)",Premium,L,green,3649.39
1587,VietMode RS-25,Outdoor,38.61,"VietMode RS-25 - Outdoor (Màu: silver, Size: XL)",Premium,XL,silver,22.77
1588,VietMode RS-26,Outdoor,3529.89,"VietMode RS-26 - Outdoor (Màu: pink, Size: S)",Premium,S,pink,2537.64
1589,VietMode RS-27,Outdoor,32.69,"VietMode RS-27 - Outdoor (Màu: yellow, Size: M)",Premium,M,yellow,18.41
1590,VietMode RS-28,Outdoor,5246.29,"VietMode RS-28 - Outdoor (Màu: red, Size: L)",Premium,L,red,4392.72
1591,VietMode RS-29,Outdoor,14.48,"VietMode RS-29 - Outdoor (Màu: black, Size: XL)",Premium,XL,black,8.79
1592,VietMode RS-30,Outdoor,5868.39,"VietMode RS-30 - Outdoor (Màu: orange, Size: S)",Premium,S,orange,5574.97
1593,VietMode RS-31,Outdoor,31.96,"VietMode RS-31 - Outdoor (Màu: blue, Size: M)",Premium,M,blue,19.78
1594,VietMode RS-32,Outdoor,19.65,"VietMode RS-32 - Outdoor (Màu: white, Size: L)",Premium,L,white,12.38
1595,VietMode RS-33,Outdoor,4408.74,"VietMode RS-33 - Outdoor (Màu: purple, Size: XL)",Premium,XL,purple,2394.39
1596,VietMode RS-34,Outdoor,4692.24,"VietMode RS-34 - Outdoor (Màu: green, Size: S)",Premium,S,green,4457.63
1597,VietMode RS-35,Outdoor,2063.38,"VietMode RS-35 - Outdoor (Màu: silver, Size: M)",Premium,M,silver,1049.44
1598,VietMode RS-36,Outdoor,43.29,"VietMode RS-36 - Outdoor (Màu: pink, Size: L)",Premium,L,pink,24.67
1599,VietMode RS-37,Outdoor,38.35,"VietMode RS-37 - Outdoor (Màu: yellow, Size: XL)",Premium,XL,yellow,21.73
1600,VietMode RS-38,Outdoor,22.74,"VietMode RS-38 - Outdoor (Màu: red, Size: S)",Premium,S,red,12.74
1601,VietMode RS-39,Outdoor,3793.49,"VietMode RS-39 - Outdoor (Màu: black, Size: M)",Premium,M,black,2490.05
1602,VietMode RS-40,Outdoor,4535.37,"VietMode RS-40 - Outdoor (Màu: orange, Size: L)",Premium,L,orange,4308.6
1603,VietMode RS-41,Outdoor,3621.24,"VietMode RS-41 - Outdoor (Màu: blue, Size: XL)",Premium,XL,blue,2054.69
1604,VietMode RS-42,Outdoor,26.96,"VietMode RS-42 - Outdoor (Màu: white, Size: S)",Premium,S,white,16.55
1605,VietMode RS-43,Outdoor,5118.75,"VietMode RS-43 - Outdoor (Màu: purple, Size: M)",Premium,M,purple,4862.82
1606,VietMode RS-44,Outdoor,21.68,"VietMode RS-44 - Outdoor (Màu: green, Size: L)",Premium,L,green,13.45
1607,VietMode RS-45,Outdoor,5235.27,"VietMode RS-45 - Outdoor (Màu: silver, Size: XL)",Premium,XL,silver,4973.51
1608,VietMode RS-46,Outdoor,5496.3,"VietMode RS-46 - Outdoor (Màu: pink, Size: S)",Premium,S,pink,5221.48
1609,VietMode RS-47,Outdoor,32.3,"VietMode RS-47 - Outdoor (Màu: yellow, Size: M)",Premium,M,yellow,17.86
1610,VietMode RS-48,Outdoor,48.52,"VietMode RS-48 - Outdoor (Màu: red, Size: L)",Premium,L,red,31.23
1611,VietMode RS-49,Outdoor,22.33,"VietMode RS-49 - Outdoor (Màu: black, Size: XL)",Premium,XL,black,12.39
1612,VietMode RS-50,Outdoor,6110.37,"VietMode RS-50 - Outdoor (Màu: orange, Size: S)",Premium,S,orange,4649.99
1613,VietMode RS-51,Outdoor,40.51,"VietMode RS-51 - Outdoor (Màu: blue, Size: M)",Premium,M,blue,24.47
1614,VietMode RS-52,Outdoor,26.79,"VietMode RS-52 - Outdoor (Màu: white, Size: L)",Premium,L,white,16.63
1615,VietMode RS-53,Outdoor,3167.9,"VietMode RS-53 - Outdoor (Màu: purple, Size: XL)",Premium,XL,purple,3009.5
1616,VietMode RS-54,Outdoor,24.12,"VietMode RS-54 - Outdoor (Màu: green, Size: S)",Premium,S,green,15.36
1617,VietMode RS-55,Outdoor,4535.37,"VietMode RS-55 - Outdoor (Màu: silver, Size: M)",Premium,M,silver,3411.96
1618,VietMode RS-56,Outdoor,31.73,"VietMode RS-56 - Outdoor (Màu: pink, Size: L)",Premium,L,pink,19.72
1619,VietMode RS-57,Outdoor,21.89,"VietMode RS-57 - Outdoor (Màu: yellow, Size: XL)",Premium,XL,yellow,13.79
1620,VietMode RS-58,Outdoor,26.54,"VietMode RS-58 - Outdoor (Màu: red, Size: S)",Premium,S,red,15.5
1621,VietMode RS-59,Outdoor,20.51,"VietMode RS-59 - Outdoor (Màu: black, Size: M)",Premium,M,black,12.95
1622,VietMode RS-60,Outdoor,72.67,"VietMode RS-60 - Outdoor (Màu: orange, Size: L)",Premium,L,orange,40.55
1623,VietMode RS-61,Outdoor,33.59,"VietMode RS-61 - Outdoor (Màu: blue, Size: XL)",Premium,XL,blue,21.48
1624,VietMode RS-62,Outdoor,25.03,"VietMode RS-62 - Outdoor (Màu: white, Size: S)",Premium,S,white,15.14
1625,VietMode RS-63,Outdoor,4755.24,"VietMode RS-63 - Outdoor (Màu: purple, Size: M)",Premium,M,purple,4200.78
1626,VietMode RS-64,Outdoor,36.07,"VietMode RS-64 - Outdoor (Màu: green, Size: L)",Premium,L,green,22.79
1627,VietMode RS-65,Outdoor,31.66,"VietMode RS-65 - Outdoor (Màu: silver, Size: XL)",Premium,XL,silver,18.85
1628,VietMode RS-66,Outdoor,30.31,"VietMode RS-66 - Outdoor (Màu: pink, Size: S)",Premium,S,pink,18.62
1629,VietMode RS-67,Outdoor,2770.74,"VietMode RS-67 - Outdoor (Màu: yellow, Size: M)",Premium,M,yellow,1718.69
1630,VietMode RS-68,Outdoor,3274.74,"VietMode RS-68 - Outdoor (Màu: red, Size: L)",Premium,L,red,1882.98
1631,VietMode RS-69,Outdoor,5700.87,"VietMode RS-69 - Outdoor (Màu: black, Size: XL)",Premium,XL,black,5223.71
1632,VietMode RS-70,Outdoor,5039.37,"VietMode RS-70 - Outdoor (Màu: orange, Size: S)",Premium,S,orange,4028.47
1633,VietMode RS-71,Outdoor,5228.37,"VietMode RS-71 - Outdoor (Màu: blue, Size: M)",Premium,M,blue,4966.95
1634,VietMode RS-72,Outdoor,4258.17,"VietMode RS-72 - Outdoor (Màu: white, Size: L)",Premium,L,white,3702.9
1635,VietMode RS-73,Outdoor,42.34,"VietMode RS-73 - Outdoor (Màu: purple, Size: XL)",Premium,XL,purple,25.51
1636,VietMode RS-74,Outdoor,44.84,"VietMode RS-74 - Outdoor (Màu: green, Size: S)",Premium,S,green,27.94
1637,VietMode RS-75,Outdoor,26.78,"VietMode RS-75 - Outdoor (Màu: silver, Size: M)",Premium,M,silver,14.95
1638,VietMode RS-76,Outdoor,26.3,"VietMode RS-76 - Outdoor (Màu: pink, Size: L)",Premium,L,pink,14.63
1639,VietMode RS-77,Outdoor,29.67,"VietMode RS-77 - Outdoor (Màu: yellow, Size: XL)",Premium,XL,yellow,17.05
1640,VietMode RS-78,Outdoor,4786.74,"VietMode RS-78 - Outdoor (Màu: red, Size: S)",Premium,S,red,4547.4
1641,VietMode RS-79,Outdoor,13.19,"VietMode RS-79 - Outdoor (Màu: black, Size: M)",Premium,M,black,7.46
1642,VietMode RS-80,Outdoor,18.06,"VietMode RS-80 - Outdoor (Màu: orange, Size: L)",Premium,L,orange,11.51
1643,VietMode RS-81,Outdoor,5070.87,"VietMode RS-81 - Outdoor (Màu: blue, Size: XL)",Premium,XL,blue,4513.07
1644,VietMode RS-82,Outdoor,4566.87,"VietMode RS-82 - Outdoor (Màu: white, Size: S)",Premium,S,white,3274.45
1645,VietMode RS-83,Outdoor,5039.37,"VietMode RS-83 - Outdoor (Màu: purple, Size: M)",Premium,M,purple,2724.28
1646,VietMode RS-84,Outdoor,5069.36,"VietMode RS-84 - Outdoor (Màu: green, Size: L)",Premium,L,green,3323.47
1647,VietMode RS-85,Outdoor,57.21,"VietMode RS-85 - Outdoor (Màu: silver, Size: XL)",Premium,XL,silver,32.72
1648,VietMode RS-86,Outdoor,63.94,"VietMode RS-86 - Outdoor (Màu: pink, Size: S)",Premium,S,pink,41.41
1649,VietMode RS-87,Outdoor,29.98,"VietMode RS-87 - Outdoor (Màu: yellow, Size: M)",Premium,M,yellow,17.5
1650,VietMode RS-88,Outdoor,5909.28,"VietMode RS-88 - Outdoor (Màu: red, Size: L)",Premium,L,red,4975.62
1651,VietMode RS-89,Outdoor,6002.09,"VietMode RS-89 - Outdoor (Màu: black, Size: XL)",Premium,XL,black,5701.98
1652,VietMode RS-90,Outdoor,41.71,"VietMode RS-90 - Outdoor (Màu: orange, Size: S)",Premium,S,orange,23.7
1653,VietMode RS-91,Outdoor,4849.74,"VietMode RS-91 - Outdoor (Màu: blue, Size: M)",Premium,M,blue,4297.84
1654,VietMode RS-92,Outdoor,37.51,"VietMode RS-92 - Outdoor (Màu: white, Size: L)",Premium,L,white,23.59
1655,VietMode RS-93,Outdoor,3401.37,"VietMode RS-93 - Outdoor (Màu: purple, Size: XL)",Premium,XL,purple,2796.27
1656,VietMode RS-94,Outdoor,4970.07,"VietMode RS-94 - Outdoor (Màu: green, Size: S)",Premium,S,green,3734.51
1657,VietMode RS-95,Outdoor,4746.15,"VietMode RS-95 - Outdoor (Màu: silver, Size: M)",Premium,M,silver,3926.96
1658,VietMode RS-96,Outdoor,113.47,"VietMode RS-96 - Outdoor (Màu: pink, Size: L)",Premium,L,pink,69.88
1659,VietMode RS-97,Outdoor,51.82,"VietMode RS-97 - Outdoor (Màu: yellow, Size: XL)",Premium,XL,yellow,31.08
1660,VietMode RS-98,Outdoor,31.46,"VietMode RS-98 - Outdoor (Màu: red, Size: S)",Premium,S,red,19.05
1661,VietMode RS-99,Outdoor,22.6,"VietMode RS-99 - Outdoor (Màu: black, Size: M)",Premium,M,black,14.05
1662,VietMode RS-00,Outdoor,2078.37,"VietMode RS-00 - Outdoor (Màu: orange, Size: L)",Premium,L,orange,1489.57
1663,VietMode RS-01,Outdoor,17.42,"VietMode RS-01 - Outdoor (Màu: blue, Size: XL)",Premium,XL,blue,9.98
1664,VietMode RS-02,Outdoor,35.92,"VietMode RS-02 - Outdoor (Màu: white, Size: S)",Premium,S,white,23.34
1665,VietMode RS-03,Outdoor,24.47,"VietMode RS-03 - Outdoor (Màu: purple, Size: M)",Premium,M,purple,15.84
1666,VietMode RS-04,Outdoor,2847.54,"VietMode RS-04 - Outdoor (Màu: green, Size: L)",Premium,L,green,2029.16
1667,VietMode RS-05,Outdoor,4426.66,"VietMode RS-05 - Outdoor (Màu: silver, Size: XL)",Premium,XL,silver,3156.65
1265,VietMode MA-01,Casual,10394.37,"VietMode MA-01 - Casual (Màu: purple, Size: M)",All-weather,M,purple,7885.17
1266,VietMode MA-02,Casual,18.75,"VietMode MA-02 - Casual (Màu: green, Size: L)",All-weather,L,green,11.53
1267,VietMode MA-03,Casual,25.57,"VietMode MA-03 - Casual (Màu: silver, Size: XL)",All-weather,XL,silver,14.57
1268,VietMode MA-04,Casual,21.49,"VietMode MA-04 - Casual (Màu: pink, Size: S)",All-weather,S,pink,13.28
1269,VietMode MA-05,Casual,65.03,"VietMode MA-05 - Casual (Màu: yellow, Size: M)",All-weather,M,yellow,36.24
1270,VietMode MA-06,Casual,47.12,"VietMode MA-06 - Casual (Màu: red, Size: L)",All-weather,L,red,26.06
1271,VietMode MA-07,Casual,5605.74,"VietMode MA-07 - Casual (Màu: black, Size: XL)",All-weather,XL,black,5325.45
1272,VietMode MA-08,Casual,6296.41,"VietMode MA-08 - Casual (Màu: orange, Size: S)",All-weather,S,orange,5981.59
1273,VietMode MA-09,Casual,5983.74,"VietMode MA-09 - Casual (Màu: blue, Size: M)",All-weather,M,blue,3856.52
1274,VietMode MA-10,Casual,33.01,"VietMode MA-10 - Casual (Màu: white, Size: L)",All-weather,L,white,19.01
1275,VietMode MA-11,Casual,9196.74,"VietMode MA-11 - Casual (Màu: purple, Size: XL)",All-weather,XL,purple,8009.44
1276,VietMode MA-12,Casual,59.86,"VietMode MA-12 - Casual (Màu: green, Size: S)",All-weather,S,green,35.69
1277,VietMode MA-13,Casual,5525.71,"VietMode MA-13 - Casual (Màu: silver, Size: M)",All-weather,M,silver,2933.05
1278,VietMode MA-14,Casual,9764.37,"VietMode MA-14 - Casual (Màu: pink, Size: L)",All-weather,L,pink,6568.49
1279,VietMode MA-15,Casual,6613.74,"VietMode MA-15 - Casual (Màu: yellow, Size: XL)",All-weather,XL,yellow,4749.99
1280,VietMode MA-16,Casual,5373.01,"VietMode MA-16 - Casual (Màu: red, Size: S)",All-weather,S,red,5104.36
1281,VietMode MA-17,Casual,4724.37,"VietMode MA-17 - Casual (Màu: black, Size: M)",All-weather,M,black,4488.15
1282,VietMode MA-18,Casual,34.16,"VietMode MA-18 - Casual (Màu: orange, Size: L)",All-weather,L,orange,21.75
1283,VietMode MA-19,Casual,23.46,"VietMode MA-19 - Casual (Màu: blue, Size: XL)",All-weather,XL,blue,14.61
1284,VietMode MA-20,Casual,60.9,"VietMode MA-20 - Casual (Màu: white, Size: S)",All-weather,S,white,38.02
1285,VietMode MA-21,Casual,4647.48,"VietMode MA-21 - Casual (Màu: purple, Size: M)",All-weather,M,purple,3315.97
1286,VietMode MA-22,Casual,8311.69,"VietMode MA-22 - Casual (Màu: green, Size: L)",All-weather,L,green,6208.83
1287,VietMode MA-23,Casual,8188.74,"VietMode MA-23 - Casual (Màu: silver, Size: XL)",All-weather,XL,silver,4307.28
1288,VietMode MA-24,Casual,8377.74,"VietMode MA-24 - Casual (Màu: pink, Size: S)",All-weather,S,pink,7154.59
1289,VietMode MA-25,Casual,5669.37,"VietMode MA-25 - Casual (Màu: yellow, Size: M)",All-weather,M,yellow,5385.9
1290,VietMode MA-26,Casual,41.08,"VietMode MA-26 - Casual (Màu: red, Size: L)",All-weather,L,red,24.34
1291,VietMode MA-27,Casual,21.87,"VietMode MA-27 - Casual (Màu: black, Size: XL)",All-weather,XL,black,12.78
1292,VietMode MA-28,Casual,30.69,"VietMode MA-28 - Casual (Màu: orange, Size: S)",All-weather,S,orange,18.02
1293,VietMode MA-29,Casual,23.33,"VietMode MA-29 - Casual (Màu: blue, Size: M)",All-weather,M,blue,15.14
1294,VietMode MA-30,Casual,8944.74,"VietMode MA-30 - Casual (Màu: white, Size: L)",All-weather,L,white,8497.5
1295,VietMode MA-31,Casual,5669.37,"VietMode MA-31 - Casual (Màu: purple, Size: XL)",All-weather,XL,purple,5385.9
1296,VietMode MA-32,Casual,19.05,"VietMode MA-32 - Casual (Màu: green, Size: S)",All-weather,S,green,10.55
1297,VietMode MA-33,Casual,5858.37,"VietMode MA-33 - Casual (Màu: silver, Size: M)",All-weather,M,silver,2990.7
1298,VietMode MA-34,Casual,4444.02,"VietMode MA-34 - Casual (Màu: pink, Size: L)",All-weather,L,pink,3357.46
1299,VietMode MA-35,Casual,6504.16,"VietMode MA-35 - Casual (Màu: yellow, Size: XL)",All-weather,XL,yellow,6178.95
1300,VietMode MA-36,Casual,5420.11,"VietMode MA-36 - Casual (Màu: red, Size: S)",All-weather,S,red,3545.29
1301,VietMode MA-37,Casual,6171.26,"VietMode MA-37 - Casual (Màu: black, Size: M)",All-weather,M,black,4382.21
1302,VietMode MA-38,Casual,47.96,"VietMode MA-38 - Casual (Màu: orange, Size: L)",All-weather,L,orange,30.54
1303,VietMode MA-39,Casual,9449.23,"VietMode MA-39 - Casual (Màu: blue, Size: XL)",All-weather,XL,blue,6596.51
1304,VietMode MA-40,Casual,4895.01,"VietMode MA-40 - Casual (Màu: white, Size: S)",All-weather,S,white,4420.68
1305,VietMode MA-41,Casual,5114.97,"VietMode MA-41 - Casual (Màu: purple, Size: M)",All-weather,M,purple,3436.75
1306,VietMode MA-42,Casual,10583.37,"VietMode MA-42 - Casual (Màu: green, Size: L)",All-weather,L,green,8359.8
1307,VietMode MA-43,Casual,71.08,"VietMode MA-43 - Casual (Màu: silver, Size: XL)",All-weather,XL,silver,43.21
1308,VietMode MA-44,Casual,9126.56,"VietMode MA-44 - Casual (Màu: pink, Size: S)",All-weather,S,pink,6083.77
713,HanoiStreet RP-01,Outdoor,1952.01,"HanoiStreet RP-01 - Outdoor (Màu: blue, Size: M)",Activewear,M,blue,1681.85
714,HanoiStreet RP-02,Outdoor,1952.01,"HanoiStreet RP-02 - Outdoor (Màu: white, Size: L)",Activewear,L,white,1350.79
715,HanoiStreet RP-03,Outdoor,1855.63,"HanoiStreet RP-03 - Outdoor (Màu: purple, Size: XL)",Activewear,XL,purple,1707.74
716,HanoiStreet RP-04,Outdoor,1855.63,"HanoiStreet RP-04 - Outdoor (Màu: green, Size: S)",Activewear,S,green,1762.85
717,HanoiStreet RP-05,Outdoor,2046.87,"HanoiStreet RP-05 - Outdoor (Màu: silver, Size: M)",Activewear,M,silver,1742.91
718,HanoiStreet RP-06,Outdoor,2046.87,"HanoiStreet RP-06 - Outdoor (Màu: pink, Size: L)",Activewear,L,pink,1613.75
719,HanoiStreet RP-07,Outdoor,1259.37,"HanoiStreet RP-07 - Outdoor (Màu: yellow, Size: XL)",Activewear,XL,yellow,981.55
720,HanoiStreet RP-08,Outdoor,1259.37,"HanoiStreet RP-08 - Outdoor (Màu: red, Size: S)",Activewear,S,red,742.78
721,HanoiStreet RP-09,Outdoor,2015.37,"HanoiStreet RP-09 - Outdoor (Màu: black, Size: M)",Activewear,M,black,1709.24
722,HanoiStreet RP-10,Outdoor,2015.37,"HanoiStreet RP-10 - Outdoor (Màu: orange, Size: L)",Activewear,L,orange,1819.88
723,HanoiStreet RP-11,Outdoor,18.93,"HanoiStreet RP-11 - Outdoor (Màu: blue, Size: XL)",Activewear,XL,blue,11.24
724,HanoiStreet RP-12,Outdoor,41.48,"HanoiStreet RP-12 - Outdoor (Màu: white, Size: S)",Activewear,S,white,25.82
725,HanoiStreet RP-13,Outdoor,1341.31,"HanoiStreet RP-13 - Outdoor (Màu: purple, Size: M)",Activewear,M,purple,1274.25
726,HanoiStreet RP-14,Outdoor,1341.31,"HanoiStreet RP-14 - Outdoor (Màu: green, Size: L)",Activewear,L,green,1274.25
727,HanoiStreet RP-15,Outdoor,818.37,"HanoiStreet RP-15 - Outdoor (Màu: silver, Size: XL)",Activewear,XL,silver,681.13
728,HanoiStreet RP-16,Outdoor,818.37,"HanoiStreet RP-16 - Outdoor (Màu: pink, Size: S)",Activewear,S,pink,554.36
729,HanoiStreet RP-17,Outdoor,3782.68,"HanoiStreet RP-17 - Outdoor (Màu: yellow, Size: M)",Activewear,M,yellow,3301.9
730,HanoiStreet RP-18,Outdoor,3782.68,"HanoiStreet RP-18 - Outdoor (Màu: red, Size: L)",Activewear,L,red,2712.94
731,HanoiStreet RP-19,Outdoor,1763.37,"HanoiStreet RP-19 - Outdoor (Màu: black, Size: XL)",Activewear,XL,black,1675.2
732,HanoiStreet RP-20,Outdoor,1763.37,"HanoiStreet RP-20 - Outdoor (Màu: orange, Size: S)",Activewear,S,orange,940.23
733,HanoiStreet RP-21,Outdoor,4376.45,"HanoiStreet RP-21 - Outdoor (Màu: blue, Size: M)",Activewear,M,blue,2285.38
734,HanoiStreet RP-22,Outdoor,4376.45,"HanoiStreet RP-22 - Outdoor (Màu: white, Size: L)",Activewear,L,white,3725.67
735,HanoiStreet RP-23,Outdoor,4615.66,"HanoiStreet RP-23 - Outdoor (Màu: purple, Size: XL)",Activewear,XL,purple,2314.75
736,HanoiStreet RP-24,Outdoor,4615.66,"HanoiStreet RP-24 - Outdoor (Màu: green, Size: S)",Activewear,S,green,2839.09
737,HanoiStreet RP-25,Outdoor,5669.37,"HanoiStreet RP-25 - Outdoor (Màu: silver, Size: M)",Activewear,M,silver,5385.9
738,HanoiStreet RP-26,Outdoor,5669.37,"HanoiStreet RP-26 - Outdoor (Màu: pink, Size: L)",Activewear,L,pink,4405.1
739,HanoiStreet RP-27,Outdoor,2078.15,"HanoiStreet RP-27 - Outdoor (Màu: yellow, Size: XL)",Activewear,XL,yellow,1837.08
740,HanoiStreet RP-28,Outdoor,2078.15,"HanoiStreet RP-28 - Outdoor (Màu: red, Size: S)",Activewear,S,red,1680.8
741,HanoiStreet RP-29,Outdoor,25.53,"HanoiStreet RP-29 - Outdoor (Màu: black, Size: M)",Activewear,M,black,15.28
742,HanoiStreet RP-30,Outdoor,27.25,"HanoiStreet RP-30 - Outdoor (Màu: orange, Size: L)",Activewear,L,orange,17.37
743,HanoiStreet RP-31,Outdoor,3275.37,"HanoiStreet RP-31 - Outdoor (Màu: blue, Size: XL)",Activewear,XL,blue,2977.64
744,HanoiStreet RP-32,Outdoor,3275.37,"HanoiStreet RP-32 - Outdoor (Màu: white, Size: S)",Activewear,S,white,2282.28
745,HanoiStreet RP-33,Outdoor,2645.37,"HanoiStreet RP-33 - Outdoor (Màu: purple, Size: M)",Activewear,M,purple,2513.1
746,HanoiStreet RP-34,Outdoor,2645.37,"HanoiStreet RP-34 - Outdoor (Màu: green, Size: L)",Activewear,L,green,2343.8
747,HanoiStreet RP-35,Outdoor,26.13,"HanoiStreet RP-35 - Outdoor (Màu: silver, Size: XL)",Activewear,XL,silver,16.72
748,HanoiStreet RP-36,Outdoor,23.44,"HanoiStreet RP-36 - Outdoor (Màu: pink, Size: S)",Activewear,S,pink,13.88
749,HanoiStreet RP-37,Outdoor,33.76,"HanoiStreet RP-37 - Outdoor (Màu: yellow, Size: M)",Activewear,M,yellow,19.51
750,HanoiStreet RP-38,Outdoor,23.75,"HanoiStreet RP-38 - Outdoor (Màu: red, Size: L)",Activewear,L,red,14.47
751,HanoiStreet RP-39,Outdoor,36.9,"HanoiStreet RP-39 - Outdoor (Màu: black, Size: XL)",Activewear,XL,black,23.66
752,HanoiStreet RP-40,Outdoor,32.46,"HanoiStreet RP-40 - Outdoor (Màu: orange, Size: S)",Activewear,S,orange,18.53
753,HanoiStreet RP-41,Outdoor,2960.31,"HanoiStreet RP-41 - Outdoor (Màu: blue, Size: M)",Activewear,M,blue,1663.99
754,HanoiStreet RP-42,Outdoor,2960.31,"HanoiStreet RP-42 - Outdoor (Màu: white, Size: L)",Activewear,L,white,2498.8
755,HanoiStreet RP-43,Outdoor,30.1,"HanoiStreet RP-43 - Outdoor (Màu: purple, Size: XL)",Activewear,XL,purple,18.43
756,HanoiStreet RP-44,Outdoor,23.03,"HanoiStreet RP-44 - Outdoor (Màu: green, Size: S)",Activewear,S,green,14.12
757,HanoiStreet RP-45,Outdoor,890.45,"HanoiStreet RP-45 - Outdoor (Màu: silver, Size: M)",Activewear,M,silver,566.95
758,HanoiStreet RP-46,Outdoor,890.45,"HanoiStreet RP-46 - Outdoor (Màu: pink, Size: L)",Activewear,L,pink,845.93
759,HanoiStreet RP-47,Outdoor,1901.47,"HanoiStreet RP-47 - Outdoor (Màu: yellow, Size: XL)",Activewear,XL,yellow,1048.66
760,HanoiStreet RP-48,Outdoor,1901.47,"HanoiStreet RP-48 - Outdoor (Màu: red, Size: S)",Activewear,S,red,1262.57
761,HanoiStreet RP-49,Outdoor,2220.6,"HanoiStreet RP-49 - Outdoor (Màu: black, Size: M)",Activewear,M,black,2109.57
762,HanoiStreet RP-50,Outdoor,2220.6,"HanoiStreet RP-50 - Outdoor (Màu: orange, Size: L)",Activewear,L,orange,2109.57
763,HanoiStreet RP-51,Outdoor,3884.38,"HanoiStreet RP-51 - Outdoor (Màu: blue, Size: XL)",Activewear,XL,blue,2371.8
764,HanoiStreet RP-52,Outdoor,3884.38,"HanoiStreet RP-52 - Outdoor (Màu: white, Size: S)",Activewear,S,white,3601.6
765,HanoiStreet RP-53,Outdoor,26.29,"HanoiStreet RP-53 - Outdoor (Màu: purple, Size: M)",Activewear,M,purple,16.39
766,HanoiStreet RP-54,Outdoor,44.8,"HanoiStreet RP-54 - Outdoor (Màu: green, Size: L)",Activewear,L,green,25.23
767,HanoiStreet RP-55,Outdoor,1148.82,"HanoiStreet RP-55 - Outdoor (Màu: silver, Size: XL)",Activewear,XL,silver,585.9
768,HanoiStreet RP-56,Outdoor,1148.82,"HanoiStreet RP-56 - Outdoor (Màu: pink, Size: S)",Activewear,S,pink,728.93
769,HanoiStreet RP-57,Outdoor,3297.6,"HanoiStreet RP-57 - Outdoor (Màu: yellow, Size: M)",Activewear,M,yellow,1690.35
770,HanoiStreet RP-58,Outdoor,3297.6,"HanoiStreet RP-58 - Outdoor (Màu: red, Size: L)",Activewear,L,red,3096.44
771,HanoiStreet RP-59,Outdoor,2015.37,"HanoiStreet RP-59 - Outdoor (Màu: black, Size: XL)",Activewear,XL,black,1914.6
772,HanoiStreet RP-60,Outdoor,2015.37,"HanoiStreet RP-60 - Outdoor (Màu: orange, Size: S)",Activewear,S,orange,1835.4
773,HanoiStreet RP-61,Outdoor,40.46,"HanoiStreet RP-61 - Outdoor (Màu: blue, Size: M)",Activewear,M,blue,25.15
774,HanoiStreet RP-62,Outdoor,22.4,"HanoiStreet RP-62 - Outdoor (Màu: white, Size: L)",Activewear,L,white,14.36
775,HanoiStreet RP-63,Outdoor,34.46,"HanoiStreet RP-63 - Outdoor (Màu: purple, Size: XL)",Activewear,XL,purple,19.57
776,HanoiStreet RP-64,Outdoor,44.73,"HanoiStreet RP-64 - Outdoor (Màu: green, Size: S)",Activewear,S,green,25.66
777,HanoiStreet RP-65,Outdoor,1477.49,"HanoiStreet RP-65 - Outdoor (Màu: silver, Size: M)",Activewear,M,silver,1403.61
778,HanoiStreet RP-66,Outdoor,1477.49,"HanoiStreet RP-66 - Outdoor (Màu: pink, Size: L)",Activewear,L,pink,1174.31
779,HanoiStreet RP-67,Outdoor,3997.02,"HanoiStreet RP-67 - Outdoor (Màu: yellow, Size: XL)",Activewear,XL,yellow,3519.38
780,HanoiStreet RP-68,Outdoor,3997.02,"HanoiStreet RP-68 - Outdoor (Màu: red, Size: S)",Activewear,S,red,2058.47
781,HanoiStreet RP-69,Outdoor,1274.58,"HanoiStreet RP-69 - Outdoor (Màu: black, Size: M)",Activewear,M,black,845.3
782,HanoiStreet RP-70,Outdoor,1274.58,"HanoiStreet RP-70 - Outdoor (Màu: orange, Size: L)",Activewear,L,orange,1065.81
783,HanoiStreet RP-71,Outdoor,16.98,"HanoiStreet RP-71 - Outdoor (Màu: blue, Size: XL)",Activewear,XL,blue,10.99
784,HanoiStreet RP-72,Outdoor,41.15,"HanoiStreet RP-72 - Outdoor (Màu: white, Size: S)",Activewear,S,white,23.38
785,HanoiStreet RP-73,Outdoor,699.72,"HanoiStreet RP-73 - Outdoor (Màu: purple, Size: M)",Activewear,M,purple,441.24
786,HanoiStreet RP-74,Outdoor,699.72,"HanoiStreet RP-74 - Outdoor (Màu: green, Size: L)",Activewear,L,green,645.84
787,HanoiStreet RP-75,Outdoor,3820.8,"HanoiStreet RP-75 - Outdoor (Màu: silver, Size: XL)",Activewear,XL,silver,3601.87
788,HanoiStreet RP-76,Outdoor,3820.8,"HanoiStreet RP-76 - Outdoor (Màu: pink, Size: S)",Activewear,S,pink,2436.14
789,HanoiStreet RP-77,Outdoor,2708.37,"HanoiStreet RP-77 - Outdoor (Màu: yellow, Size: M)",Activewear,M,yellow,2535.31
790,HanoiStreet RP-78,Outdoor,2708.37,"HanoiStreet RP-78 - Outdoor (Màu: red, Size: L)",Activewear,L,red,1879.34
791,HanoiStreet RP-79,Outdoor,811.89,"HanoiStreet RP-79 - Outdoor (Màu: black, Size: XL)",Activewear,XL,black,584.96
792,HanoiStreet RP-80,Outdoor,811.89,"HanoiStreet RP-80 - Outdoor (Màu: orange, Size: S)",Activewear,S,orange,649.27
793,HanoiStreet RP-81,Outdoor,1012.76,"HanoiStreet RP-81 - Outdoor (Màu: blue, Size: M)",Activewear,M,blue,643.51
794,HanoiStreet RP-82,Outdoor,1012.76,"HanoiStreet RP-82 - Outdoor (Màu: white, Size: L)",Activewear,L,white,962.12
795,HanoiStreet RP-83,Outdoor,3338.27,"HanoiStreet RP-83 - Outdoor (Màu: purple, Size: XL)",Activewear,XL,purple,1832.04
796,HanoiStreet RP-84,Outdoor,3338.27,"HanoiStreet RP-84 - Outdoor (Màu: green, Size: S)",Activewear,S,green,3052.85
2204,VietMotion RP-01,Outdoor,1771.1,"VietMotion RP-01 - Outdoor (Màu: white, Size: S)",Activewear,S,white,1588.5
2205,VietMotion RP-02,Outdoor,1771.1,"VietMotion RP-02 - Outdoor (Màu: purple, Size: M)",Activewear,M,purple,1682.55
2206,VietMotion RP-03,Outdoor,1254.47,"VietMotion RP-03 - Outdoor (Màu: green, Size: L)",Activewear,L,green,700.87
2207,VietMotion RP-04,Outdoor,1254.47,"VietMotion RP-04 - Outdoor (Màu: silver, Size: XL)",Activewear,XL,silver,1191.75
2208,VietMotion RP-05,Outdoor,25.41,"VietMotion RP-05 - Outdoor (Màu: pink, Size: S)",Activewear,S,pink,16.14
2209,VietMotion RP-06,Outdoor,41.61,"VietMotion RP-06 - Outdoor (Màu: yellow, Size: M)",Activewear,M,yellow,24.93
2210,VietMotion RP-07,Outdoor,1290.87,"VietMotion RP-07 - Outdoor (Màu: red, Size: L)",Activewear,L,red,908.0
2211,VietMotion RP-08,Outdoor,1290.87,"VietMotion RP-08 - Outdoor (Màu: black, Size: XL)",Activewear,XL,black,790.92
2212,VietMotion RP-09,Outdoor,1075.95,"VietMotion RP-09 - Outdoor (Màu: orange, Size: S)",Activewear,S,orange,854.52
2213,VietMotion RP-10,Outdoor,1075.95,"VietMotion RP-10 - Outdoor (Màu: blue, Size: M)",Activewear,M,blue,753.7
2214,VietMotion RP-11,Outdoor,4408.76,"VietMotion RP-11 - Outdoor (Màu: white, Size: L)",Activewear,L,white,4188.32
2215,VietMotion RP-12,Outdoor,4408.76,"VietMotion RP-12 - Outdoor (Màu: purple, Size: XL)",Activewear,XL,purple,3776.98
2216,VietMotion RP-13,Outdoor,24.4,"VietMotion RP-13 - Outdoor (Màu: green, Size: S)",Activewear,S,green,14.02
2217,VietMotion RP-14,Outdoor,16.09,"VietMotion RP-14 - Outdoor (Màu: silver, Size: M)",Activewear,M,silver,10.25
2218,VietMotion RP-15,Outdoor,1768.3,"VietMotion RP-15 - Outdoor (Màu: pink, Size: L)",Activewear,L,pink,1081.85
2219,VietMotion RP-16,Outdoor,1768.3,"VietMotion RP-16 - Outdoor (Màu: yellow, Size: XL)",Activewear,XL,yellow,1679.88
2220,VietMotion RP-17,Outdoor,17.27,"VietMotion RP-17 - Outdoor (Màu: red, Size: S)",Activewear,S,red,10.27
2221,VietMotion RP-18,Outdoor,33.76,"VietMotion RP-18 - Outdoor (Màu: black, Size: M)",Activewear,M,black,20.31
2222,VietMotion RP-19,Outdoor,2772.16,"VietMotion RP-19 - Outdoor (Màu: orange, Size: L)",Activewear,L,orange,1759.21
2223,VietMotion RP-20,Outdoor,2772.16,"VietMotion RP-20 - Outdoor (Màu: blue, Size: XL)",Activewear,XL,blue,2178.92
2224,VietMotion RP-21,Outdoor,768.18,"VietMotion RP-21 - Outdoor (Màu: white, Size: S)",Activewear,S,white,443.24
2225,VietMotion RP-22,Outdoor,768.18,"VietMotion RP-22 - Outdoor (Màu: purple, Size: M)",Activewear,M,purple,444.85
2226,VietMotion RP-23,Outdoor,3905.37,"VietMotion RP-23 - Outdoor (Màu: green, Size: L)",Activewear,L,green,3541.78
2227,VietMotion RP-24,Outdoor,3905.37,"VietMotion RP-24 - Outdoor (Màu: silver, Size: XL)",Activewear,XL,silver,3396.11
2228,VietMotion RP-25,Outdoor,36.74,"VietMotion RP-25 - Outdoor (Màu: pink, Size: S)",Activewear,S,pink,21.53
2229,VietMotion RP-26,Outdoor,23.06,"VietMotion RP-26 - Outdoor (Màu: yellow, Size: M)",Activewear,M,yellow,14.05
2230,VietMotion RP-27,Outdoor,42.75,"VietMotion RP-27 - Outdoor (Màu: red, Size: L)",Activewear,L,red,24.21
2231,VietMotion RP-28,Outdoor,17.04,"VietMotion RP-28 - Outdoor (Màu: black, Size: XL)",Activewear,XL,black,10.04
2232,VietMotion RP-29,Outdoor,32.25,"VietMotion RP-29 - Outdoor (Màu: orange, Size: S)",Activewear,S,orange,20.86
2233,VietMotion RP-30,Outdoor,20.4,"VietMotion RP-30 - Outdoor (Màu: blue, Size: M)",Activewear,M,blue,11.75
2234,VietMotion RP-31,Outdoor,815.46,"VietMotion RP-31 - Outdoor (Màu: white, Size: L)",Activewear,L,white,609.07
2235,VietMotion RP-32,Outdoor,815.46,"VietMotion RP-32 - Outdoor (Màu: purple, Size: XL)",Activewear,XL,purple,614.04
2236,VietMotion RP-33,Outdoor,2193.03,"VietMotion RP-33 - Outdoor (Màu: green, Size: S)",Activewear,S,green,1526.79
2237,VietMotion RP-34,Outdoor,2193.03,"VietMotion RP-34 - Outdoor (Màu: silver, Size: M)",Activewear,M,silver,1336.65
2238,VietMotion RP-35,Outdoor,1546.07,"VietMotion RP-35 - Outdoor (Màu: pink, Size: L)",Activewear,L,pink,846.47
2239,VietMotion RP-36,Outdoor,1546.07,"VietMotion RP-36 - Outdoor (Màu: yellow, Size: XL)",Activewear,XL,yellow,1225.11
2240,VietMotion RP-37,Outdoor,1070.21,"VietMotion RP-37 - Outdoor (Màu: red, Size: S)",Activewear,S,red,1005.35
2241,VietMotion RP-38,Outdoor,1070.21,"VietMotion RP-38 - Outdoor (Màu: black, Size: M)",Activewear,M,black,622.65
2242,VietMotion RP-39,Outdoor,25.51,"VietMotion RP-39 - Outdoor (Màu: orange, Size: L)",Activewear,L,orange,15.71
2243,VietMotion RP-40,Outdoor,33.75,"VietMotion RP-40 - Outdoor (Màu: blue, Size: XL)",Activewear,XL,blue,19.66
2244,VietMotion RP-41,Outdoor,23.47,"VietMotion RP-41 - Outdoor (Màu: white, Size: S)",Activewear,S,white,14.73
2245,VietMotion RP-42,Outdoor,28.39,"VietMotion RP-42 - Outdoor (Màu: purple, Size: M)",Activewear,M,purple,15.99
2246,VietMotion RP-43,Outdoor,1574.37,"VietMotion RP-43 - Outdoor (Màu: green, Size: L)",Activewear,L,green,1030.74
2247,VietMotion RP-44,Outdoor,1574.37,"VietMotion RP-44 - Outdoor (Màu: silver, Size: XL)",Activewear,XL,silver,850.16
2248,VietMotion RP-45,Outdoor,49.53,"VietMotion RP-45 - Outdoor (Màu: pink, Size: S)",Activewear,S,pink,32.04
2249,VietMotion RP-46,Outdoor,26.29,"VietMotion RP-46 - Outdoor (Màu: yellow, Size: M)",Activewear,M,yellow,15.65
2250,VietMotion RP-47,Outdoor,1511.37,"VietMotion RP-47 - Outdoor (Màu: red, Size: L)",Activewear,L,red,944.46
2251,VietMotion RP-48,Outdoor,1511.37,"VietMotion RP-48 - Outdoor (Màu: black, Size: XL)",Activewear,XL,black,1150.61
2252,VietMotion RP-49,Outdoor,1621.55,"VietMotion RP-49 - Outdoor (Màu: orange, Size: S)",Activewear,S,orange,1087.41
2253,VietMotion RP-50,Outdoor,1621.55,"VietMotion RP-50 - Outdoor (Màu: blue, Size: M)",Activewear,M,blue,1250.87
2254,VietMotion RP-51,Outdoor,715.6,"VietMotion RP-51 - Outdoor (Màu: white, Size: L)",Activewear,L,white,486.68
2255,VietMotion RP-52,Outdoor,715.6,"VietMotion RP-52 - Outdoor (Màu: purple, Size: XL)",Activewear,XL,purple,679.82
2256,VietMotion RP-53,Outdoor,46.26,"VietMotion RP-53 - Outdoor (Màu: green, Size: S)",Activewear,S,green,26.53
2257,VietMotion RP-54,Outdoor,21.08,"VietMotion RP-54 - Outdoor (Màu: silver, Size: M)",Activewear,M,silver,11.75
2258,VietMotion RP-55,Outdoor,40.93,"VietMotion RP-55 - Outdoor (Màu: pink, Size: L)",Activewear,L,pink,23.21
2259,VietMotion RP-56,Outdoor,58.95,"VietMotion RP-56 - Outdoor (Màu: yellow, Size: XL)",Activewear,XL,yellow,35.48
2260,VietMotion RP-57,Outdoor,12.32,"VietMotion RP-57 - Outdoor (Màu: red, Size: S)",Activewear,S,red,7.19
2261,VietMotion RP-58,Outdoor,24.08,"VietMotion RP-58 - Outdoor (Màu: black, Size: M)",Activewear,M,black,15.24
2262,VietMotion RP-59,Outdoor,3918.24,"VietMotion RP-59 - Outdoor (Màu: orange, Size: L)",Activewear,L,orange,3722.33
2263,VietMotion RP-60,Outdoor,3918.24,"VietMotion RP-60 - Outdoor (Màu: blue, Size: XL)",Activewear,XL,blue,3722.33
2264,VietMotion RP-61,Outdoor,41.71,"VietMotion RP-61 - Outdoor (Màu: white, Size: S)",Activewear,S,white,24.74
2265,VietMotion RP-62,Outdoor,30.53,"VietMotion RP-62 - Outdoor (Màu: purple, Size: M)",Activewear,M,purple,17.55
2266,VietMotion RP-63,Outdoor,38.42,"VietMotion RP-63 - Outdoor (Màu: green, Size: L)",Activewear,L,green,23.5
2267,VietMotion RP-64,Outdoor,26.01,"VietMotion RP-64 - Outdoor (Màu: silver, Size: XL)",Activewear,XL,silver,16.14
46,DragonWear RP-01,Outdoor,34.28,"DragonWear RP-01 - Outdoor (Màu: green, Size: L)",Activewear,L,green,19.43
47,DragonWear RP-02,Outdoor,31.12,"DragonWear RP-02 - Outdoor (Màu: silver, Size: XL)",Activewear,XL,silver,17.64
48,DragonWear RP-03,Outdoor,786.87,"DragonWear RP-03 - Outdoor (Màu: pink, Size: S)",Activewear,S,pink,404.29
49,DragonWear RP-04,Outdoor,786.87,"DragonWear RP-04 - Outdoor (Màu: yellow, Size: M)",Activewear,M,yellow,401.85
50,DragonWear RP-05,Outdoor,52.83,"DragonWear RP-05 - Outdoor (Màu: red, Size: L)",Activewear,L,red,29.25
51,DragonWear RP-06,Outdoor,36.66,"DragonWear RP-06 - Outdoor (Màu: black, Size: XL)",Activewear,XL,black,22.86
52,DragonWear RP-07,Outdoor,4094.37,"DragonWear RP-07 - Outdoor (Màu: orange, Size: S)",Activewear,S,orange,3531.8
53,DragonWear RP-08,Outdoor,4094.37,"DragonWear RP-08 - Outdoor (Màu: blue, Size: M)",Activewear,M,blue,3586.67
54,DragonWear RP-09,Outdoor,4890.19,"DragonWear RP-09 - Outdoor (Màu: white, Size: L)",Activewear,L,white,3904.32
55,DragonWear RP-10,Outdoor,4890.19,"DragonWear RP-10 - Outdoor (Màu: purple, Size: XL)",Activewear,XL,purple,4645.68
56,DragonWear RP-11,Outdoor,3676.28,"DragonWear RP-11 - Outdoor (Màu: green, Size: S)",Activewear,S,green,3492.47
57,DragonWear RP-12,Outdoor,3676.28,"DragonWear RP-12 - Outdoor (Màu: silver, Size: M)",Activewear,M,silver,3492.47
58,DragonWear RP-13,Outdoor,4325.34,"DragonWear RP-13 - Outdoor (Màu: pink, Size: L)",Activewear,L,pink,3115.11
59,DragonWear RP-14,Outdoor,4325.34,"DragonWear RP-14 - Outdoor (Màu: yellow, Size: XL)",Activewear,XL,yellow,3585.71
60,DragonWear RP-15,Outdoor,4703.16,"DragonWear RP-15 - Outdoor (Màu: red, Size: S)",Activewear,S,red,4129.84
61,DragonWear RP-16,Outdoor,4703.16,"DragonWear RP-16 - Outdoor (Màu: black, Size: M)",Activewear,M,black,3495.39
62,DragonWear RP-17,Outdoor,4800.53,"DragonWear RP-17 - Outdoor (Màu: orange, Size: L)",Activewear,L,orange,2974.41
63,DragonWear RP-18,Outdoor,4800.53,"DragonWear RP-18 - Outdoor (Màu: blue, Size: XL)",Activewear,XL,blue,4293.12
64,DragonWear RP-19,Outdoor,3779.37,"DragonWear RP-19 - Outdoor (Màu: white, Size: S)",Activewear,S,white,3590.4
65,DragonWear RP-20,Outdoor,3779.37,"DragonWear RP-20 - Outdoor (Màu: purple, Size: M)",Activewear,M,purple,3427.13
66,DragonWear RP-21,Outdoor,5043.4,"DragonWear RP-21 - Outdoor (Màu: green, Size: L)",Activewear,L,green,4791.23
67,DragonWear RP-22,Outdoor,5043.4,"DragonWear RP-22 - Outdoor (Màu: silver, Size: XL)",Activewear,XL,silver,4436.18
213,LotusWear RP-01,Outdoor,37.9,"LotusWear RP-01 - Outdoor (Màu: blue, Size: M)",Activewear,M,blue,23.36
214,LotusWear RP-02,Outdoor,28.09,"LotusWear RP-02 - Outdoor (Màu: white, Size: L)",Activewear,L,white,16.78
215,LotusWear RP-03,Outdoor,27.25,"LotusWear RP-03 - Outdoor (Màu: purple, Size: XL)",Activewear,XL,purple,17.29
216,LotusWear RP-04,Outdoor,27.85,"LotusWear RP-04 - Outdoor (Màu: green, Size: S)",Activewear,S,green,17.56
217,LotusWear RP-05,Outdoor,38.78,"LotusWear RP-05 - Outdoor (Màu: silver, Size: M)",Activewear,M,silver,23.6
218,LotusWear RP-06,Outdoor,27.98,"LotusWear RP-06 - Outdoor (Màu: pink, Size: L)",Activewear,L,pink,17.82
219,LotusWear RP-07,Outdoor,37.19,"LotusWear RP-07 - Outdoor (Màu: yellow, Size: XL)",Activewear,XL,yellow,21.22
220,LotusWear RP-08,Outdoor,75.96,"LotusWear RP-08 - Outdoor (Màu: red, Size: S)",Activewear,S,red,42.63
221,LotusWear RP-09,Outdoor,46.92,"LotusWear RP-09 - Outdoor (Màu: black, Size: M)",Activewear,M,black,27.07
222,LotusWear RP-10,Outdoor,29.07,"LotusWear RP-10 - Outdoor (Màu: orange, Size: L)",Activewear,L,orange,16.15
392,SaigonFlex RP-01,Outdoor,6126.75,"SaigonFlex RP-01 - Outdoor (Màu: orange, Size: S)",Activewear,S,orange,5820.41
393,SaigonFlex RP-02,Outdoor,6126.75,"SaigonFlex RP-02 - Outdoor (Màu: blue, Size: M)",Activewear,M,blue,5586.98
1055,MekongFit RP-01,Outdoor,755.37,"MekongFit RP-01 - Outdoor (Màu: purple, Size: XL)",Activewear,XL,purple,717.6
1056,MekongFit RP-02,Outdoor,755.37,"MekongFit RP-02 - Outdoor (Màu: green, Size: S)",Activewear,S,green,662.69
1057,MekongFit RP-03,Outdoor,1607.82,"MekongFit RP-03 - Outdoor (Màu: silver, Size: M)",Activewear,M,silver,1036.88
1058,MekongFit RP-04,Outdoor,1607.82,"MekongFit RP-04 - Outdoor (Màu: pink, Size: L)",Activewear,L,pink,1527.43
1059,MekongFit RP-05,Outdoor,1979.36,"MekongFit RP-05 - Outdoor (Màu: yellow, Size: XL)",Activewear,XL,yellow,1058.36
1060,MekongFit RP-06,Outdoor,1979.36,"MekongFit RP-06 - Outdoor (Màu: red, Size: S)",Activewear,S,red,1361.8
1061,MekongFit RP-07,Outdoor,1800.5,"MekongFit RP-07 - Outdoor (Màu: black, Size: M)",Activewear,M,black,1624.23
1062,MekongFit RP-08,Outdoor,1800.5,"MekongFit RP-08 - Outdoor (Màu: orange, Size: L)",Activewear,L,orange,1710.47
1063,MekongFit RP-09,Outdoor,1960.24,"MekongFit RP-09 - Outdoor (Màu: blue, Size: XL)",Activewear,XL,blue,1862.23
1064,MekongFit RP-10,Outdoor,1960.24,"MekongFit RP-10 - Outdoor (Màu: white, Size: S)",Activewear,S,white,1605.83
1065,MekongFit RP-11,Outdoor,3731.97,"MekongFit RP-11 - Outdoor (Màu: purple, Size: M)",Activewear,M,purple,2473.18
1066,MekongFit RP-12,Outdoor,3731.97,"MekongFit RP-12 - Outdoor (Màu: green, Size: L)",Activewear,L,green,3311.01
1067,MekongFit RP-13,Outdoor,4881.87,"MekongFit RP-13 - Outdoor (Màu: silver, Size: XL)",Activewear,XL,silver,4623.62
1068,MekongFit RP-14,Outdoor,4881.87,"MekongFit RP-14 - Outdoor (Màu: pink, Size: S)",Activewear,S,pink,4637.78
1069,MekongFit RP-15,Outdoor,1889.37,"MekongFit RP-15 - Outdoor (Màu: yellow, Size: M)",Activewear,M,yellow,1137.59
1070,MekongFit RP-16,Outdoor,1889.37,"MekongFit RP-16 - Outdoor (Màu: red, Size: L)",Activewear,L,red,1530.77
1071,MekongFit RP-17,Outdoor,53.54,"MekongFit RP-17 - Outdoor (Màu: black, Size: XL)",Activewear,XL,black,32.29
1072,MekongFit RP-18,Outdoor,28.13,"MekongFit RP-18 - Outdoor (Màu: orange, Size: S)",Activewear,S,orange,18.1
1073,MekongFit RP-19,Outdoor,2834.37,"MekongFit RP-19 - Outdoor (Màu: blue, Size: M)",Activewear,M,blue,2692.65
1074,MekongFit RP-20,Outdoor,2834.37,"MekongFit RP-20 - Outdoor (Màu: white, Size: L)",Activewear,L,white,2536.48
1075,MekongFit RP-21,Outdoor,3114.11,"MekongFit RP-21 - Outdoor (Màu: purple, Size: XL)",Activewear,XL,purple,1652.03
1076,MekongFit RP-22,Outdoor,3114.11,"MekongFit RP-22 - Outdoor (Màu: green, Size: S)",Activewear,S,green,2258.66
1077,MekongFit RP-23,Outdoor,4317.6,"MekongFit RP-23 - Outdoor (Màu: silver, Size: M)",Activewear,M,silver,4101.72
1078,MekongFit RP-24,Outdoor,4317.6,"MekongFit RP-24 - Outdoor (Màu: pink, Size: L)",Activewear,L,pink,3338.37
1079,MekongFit RP-25,Outdoor,3149.37,"MekongFit RP-25 - Outdoor (Màu: yellow, Size: XL)",Activewear,XL,yellow,2125.82
1080,MekongFit RP-26,Outdoor,3149.37,"MekongFit RP-26 - Outdoor (Màu: red, Size: S)",Activewear,S,red,2653.97
1081,MekongFit RP-27,Outdoor,2782.73,"MekongFit RP-27 - Outdoor (Màu: black, Size: M)",Activewear,M,black,2487.2
1082,MekongFit RP-28,Outdoor,2782.73,"MekongFit RP-28 - Outdoor (Màu: orange, Size: L)",Activewear,L,orange,2043.92
1083,MekongFit RP-29,Outdoor,14.65,"MekongFit RP-29 - Outdoor (Màu: blue, Size: XL)",Activewear,XL,blue,8.12
1084,MekongFit RP-30,Outdoor,22.13,"MekongFit RP-30 - Outdoor (Màu: white, Size: S)",Activewear,S,white,12.44
1085,MekongFit RP-31,Outdoor,1139.5,"MekongFit RP-31 - Outdoor (Màu: purple, Size: M)",Activewear,M,purple,895.88
1086,MekongFit RP-32,Outdoor,1139.5,"MekongFit RP-32 - Outdoor (Màu: green, Size: L)",Activewear,L,green,846.31
1087,MekongFit RP-33,Outdoor,3432.87,"MekongFit RP-33 - Outdoor (Màu: silver, Size: XL)",Activewear,XL,silver,2542.73
1088,MekongFit RP-34,Outdoor,3432.87,"MekongFit RP-34 - Outdoor (Màu: pink, Size: S)",Activewear,S,pink,2650.18
1089,MekongFit RP-35,Outdoor,4610.97,"MekongFit RP-35 - Outdoor (Màu: yellow, Size: M)",Activewear,M,yellow,2548.02
1090,MekongFit RP-36,Outdoor,4610.97,"MekongFit RP-36 - Outdoor (Màu: red, Size: L)",Activewear,L,red,4380.42
1091,MekongFit RP-37,Outdoor,2116.29,"MekongFit RP-37 - Outdoor (Màu: black, Size: XL)",Activewear,XL,black,1165.23
1092,MekongFit RP-38,Outdoor,2116.29,"MekongFit RP-38 - Outdoor (Màu: orange, Size: S)",Activewear,S,orange,1846.67
1093,MekongFit RP-39,Outdoor,711.03,"MekongFit RP-39 - Outdoor (Màu: blue, Size: M)",Activewear,M,blue,525.02
1094,MekongFit RP-40,Outdoor,711.03,"MekongFit RP-40 - Outdoor (Màu: white, Size: L)",Activewear,L,white,608.21
1095,MekongFit RP-41,Outdoor,1480.69,"MekongFit RP-41 - Outdoor (Màu: purple, Size: XL)",Activewear,XL,purple,1383.12
1096,MekongFit RP-42,Outdoor,1480.69,"MekongFit RP-42 - Outdoor (Màu: green, Size: S)",Activewear,S,green,873.76
1097,MekongFit RP-43,Outdoor,3724.01,"MekongFit RP-43 - Outdoor (Màu: silver, Size: M)",Activewear,M,silver,3064.12
1098,MekongFit RP-44,Outdoor,3724.01,"MekongFit RP-44 - Outdoor (Màu: pink, Size: L)",Activewear,L,pink,3151.63
1099,MekongFit RP-45,Outdoor,497.07,"MekongFit RP-45 - Outdoor (Màu: yellow, Size: XL)",Activewear,XL,yellow,249.28
1100,MekongFit RP-46,Outdoor,497.07,"MekongFit RP-46 - Outdoor (Màu: red, Size: S)",Activewear,S,red,346.31
1101,MekongFit RP-47,Outdoor,2676.87,"MekongFit RP-47 - Outdoor (Màu: black, Size: M)",Activewear,M,black,1384.74
1102,MekongFit RP-48,Outdoor,2676.87,"MekongFit RP-48 - Outdoor (Màu: orange, Size: L)",Activewear,L,orange,2543.03
1103,MekongFit RP-49,Outdoor,1792.7,"MekongFit RP-49 - Outdoor (Màu: blue, Size: XL)",Activewear,XL,blue,1145.9
1104,MekongFit RP-50,Outdoor,1792.7,"MekongFit RP-50 - Outdoor (Màu: white, Size: S)",Activewear,S,white,1703.07
1105,MekongFit RP-51,Outdoor,3028.62,"MekongFit RP-51 - Outdoor (Màu: purple, Size: M)",Activewear,M,purple,2877.19
1106,MekongFit RP-52,Outdoor,3028.62,"MekongFit RP-52 - Outdoor (Màu: green, Size: L)",Activewear,L,green,2278.43
1107,MekongFit RP-53,Outdoor,1920.87,"MekongFit RP-53 - Outdoor (Màu: silver, Size: XL)",Activewear,XL,silver,1824.83
1108,MekongFit RP-54,Outdoor,1920.87,"MekongFit RP-54 - Outdoor (Màu: pink, Size: S)",Activewear,S,pink,1074.15
1109,MekongFit RP-55,Outdoor,2555.29,"MekongFit RP-55 - Outdoor (Màu: yellow, Size: M)",Activewear,M,yellow,2320.71
1110,MekongFit RP-56,Outdoor,2555.29,"MekongFit RP-56 - Outdoor (Màu: red, Size: L)",Activewear,L,red,2427.52
1111,MekongFit RP-57,Outdoor,1422.87,"MekongFit RP-57 - Outdoor (Màu: black, Size: XL)",Activewear,XL,black,1286.28
1112,MekongFit RP-58,Outdoor,1422.87,"MekongFit RP-58 - Outdoor (Màu: orange, Size: S)",Activewear,S,orange,1014.22
1732,SaigonCore RP-01,Outdoor,5354.37,"SaigonCore RP-01 - Outdoor (Màu: orange, Size: S)",Activewear,S,orange,5086.65
1733,SaigonCore RP-02,Outdoor,5354.37,"SaigonCore RP-02 - Outdoor (Màu: blue, Size: M)",Activewear,M,blue,3965.45
1734,SaigonCore RP-03,Outdoor,5398.47,"SaigonCore RP-03 - Outdoor (Màu: white, Size: L)",Activewear,L,white,3692.01
1735,SaigonCore RP-04,Outdoor,5398.47,"SaigonCore RP-04 - Outdoor (Màu: purple, Size: XL)",Activewear,XL,purple,3275.79
1736,SaigonCore RP-05,Outdoor,15.67,"SaigonCore RP-05 - Outdoor (Màu: green, Size: S)",Activewear,S,green,9.33
1737,SaigonCore RP-06,Outdoor,28.77,"SaigonCore RP-06 - Outdoor (Màu: silver, Size: M)",Activewear,M,silver,18.51
1738,SaigonCore RP-07,Outdoor,33.36,"SaigonCore RP-07 - Outdoor (Màu: pink, Size: L)",Activewear,L,pink,19.4
1739,SaigonCore RP-08,Outdoor,64.75,"SaigonCore RP-08 - Outdoor (Màu: yellow, Size: XL)",Activewear,XL,yellow,38.9
1740,SaigonCore RP-09,Outdoor,5414.74,"SaigonCore RP-09 - Outdoor (Màu: red, Size: S)",Activewear,S,red,3403.17
1741,SaigonCore RP-10,Outdoor,5414.74,"SaigonCore RP-10 - Outdoor (Màu: black, Size: M)",Activewear,M,black,5144.01
1742,SaigonCore RP-11,Outdoor,3464.37,"SaigonCore RP-11 - Outdoor (Màu: orange, Size: L)",Activewear,L,orange,2540.42
1743,SaigonCore RP-12,Outdoor,3464.37,"SaigonCore RP-12 - Outdoor (Màu: blue, Size: XL)",Activewear,XL,blue,3142.18
1744,SaigonCore RP-13,Outdoor,5217.51,"SaigonCore RP-13 - Outdoor (Màu: white, Size: S)",Activewear,S,white,4956.63
1745,SaigonCore RP-14,Outdoor,5217.51,"SaigonCore RP-14 - Outdoor (Màu: purple, Size: M)",Activewear,M,purple,3797.3
1926,UrbanVN RP-01,Outdoor,1137.86,"UrbanVN RP-01 - Outdoor (Màu: green, Size: L)",Activewear,L,green,1058.44
1927,UrbanVN RP-02,Outdoor,1137.86,"UrbanVN RP-02 - Outdoor (Màu: silver, Size: XL)",Activewear,XL,silver,1080.97
1928,UrbanVN RP-03,Outdoor,37.74,"UrbanVN RP-03 - Outdoor (Màu: pink, Size: S)",Activewear,S,pink,20.91
1929,UrbanVN RP-04,Outdoor,30.34,"UrbanVN RP-04 - Outdoor (Màu: yellow, Size: M)",Activewear,M,yellow,17.14
1930,UrbanVN RP-05,Outdoor,46.14,"UrbanVN RP-05 - Outdoor (Màu: red, Size: L)",Activewear,L,red,29.93
1931,UrbanVN RP-06,Outdoor,13.67,"UrbanVN RP-06 - Outdoor (Màu: black, Size: XL)",Activewear,XL,black,8.84
1932,UrbanVN RP-07,Outdoor,5291.37,"UrbanVN RP-07 - Outdoor (Màu: orange, Size: S)",Activewear,S,orange,2847.29
1933,UrbanVN RP-08,Outdoor,5291.37,"UrbanVN RP-08 - Outdoor (Màu: blue, Size: M)",Activewear,M,blue,3064.23
1934,UrbanVN RP-09,Outdoor,1609.91,"UrbanVN RP-09 - Outdoor (Màu: white, Size: L)",Activewear,L,white,1337.84
1935,UrbanVN RP-10,Outdoor,1609.91,"UrbanVN RP-10 - Outdoor (Màu: purple, Size: XL)",Activewear,XL,purple,1048.7
1936,UrbanVN RP-11,Outdoor,3441.1,"UrbanVN RP-11 - Outdoor (Màu: green, Size: S)",Activewear,S,green,2500.64
1937,UrbanVN RP-12,Outdoor,3441.1,"UrbanVN RP-12 - Outdoor (Màu: silver, Size: M)",Activewear,M,silver,3269.04
1938,UrbanVN RP-13,Outdoor,3527.37,"UrbanVN RP-13 - Outdoor (Màu: pink, Size: L)",Activewear,L,pink,3268.46
1939,UrbanVN RP-14,Outdoor,3527.37,"UrbanVN RP-14 - Outdoor (Màu: yellow, Size: XL)",Activewear,XL,yellow,1933.0
1940,UrbanVN RP-15,Outdoor,2011.36,"UrbanVN RP-15 - Outdoor (Màu: red, Size: S)",Activewear,S,red,1582.33
1941,UrbanVN RP-16,Outdoor,2011.36,"UrbanVN RP-16 - Outdoor (Màu: black, Size: M)",Activewear,M,black,1626.18
1942,UrbanVN RP-17,Outdoor,1482.0,"UrbanVN RP-17 - Outdoor (Màu: orange, Size: L)",Activewear,L,orange,1407.9
1943,UrbanVN RP-18,Outdoor,1482.0,"UrbanVN RP-18 - Outdoor (Màu: blue, Size: XL)",Activewear,XL,blue,1063.78
1944,UrbanVN RP-19,Outdoor,36.39,"UrbanVN RP-19 - Outdoor (Màu: white, Size: S)",Activewear,S,white,20.03
1945,UrbanVN RP-20,Outdoor,45.08,"UrbanVN RP-20 - Outdoor (Màu: purple, Size: M)",Activewear,M,purple,29.08
1946,UrbanVN RP-21,Outdoor,3369.87,"UrbanVN RP-21 - Outdoor (Màu: green, Size: L)",Activewear,L,green,2625.47
1947,UrbanVN RP-22,Outdoor,3369.87,"UrbanVN RP-22 - Outdoor (Màu: silver, Size: XL)",Activewear,XL,silver,2821.26
1948,UrbanVN RP-23,Outdoor,3728.77,"UrbanVN RP-23 - Outdoor (Màu: pink, Size: S)",Activewear,S,pink,2971.09
1949,UrbanVN RP-24,Outdoor,3728.77,"UrbanVN RP-24 - Outdoor (Màu: yellow, Size: M)",Activewear,M,yellow,2876.75
1950,UrbanVN RP-25,Outdoor,4031.37,"UrbanVN RP-25 - Outdoor (Màu: red, Size: L)",Activewear,L,red,3108.59
1951,UrbanVN RP-26,Outdoor,4031.37,"UrbanVN RP-26 - Outdoor (Màu: black, Size: XL)",Activewear,XL,black,3130.36
1952,UrbanVN RP-27,Outdoor,18.33,"UrbanVN RP-27 - Outdoor (Màu: orange, Size: S)",Activewear,S,orange,11.25
1953,UrbanVN RP-28,Outdoor,52.33,"UrbanVN RP-28 - Outdoor (Màu: blue, Size: M)",Activewear,M,blue,33.32
1954,UrbanVN RP-29,Outdoor,37.92,"UrbanVN RP-29 - Outdoor (Màu: white, Size: L)",Activewear,L,white,22.58
1955,UrbanVN RP-30,Outdoor,28.05,"UrbanVN RP-30 - Outdoor (Màu: purple, Size: XL)",Activewear,XL,purple,16.87
1956,UrbanVN RP-31,Outdoor,42.65,"UrbanVN RP-31 - Outdoor (Màu: green, Size: S)",Activewear,S,green,25.54
1957,UrbanVN RP-32,Outdoor,82.13,"UrbanVN RP-32 - Outdoor (Màu: silver, Size: M)",Activewear,M,silver,50.65
1958,UrbanVN RP-33,Outdoor,944.37,"UrbanVN RP-33 - Outdoor (Màu: pink, Size: L)",Activewear,L,pink,860.23
1959,UrbanVN RP-34,Outdoor,944.37,"UrbanVN RP-34 - Outdoor (Màu: yellow, Size: XL)",Activewear,XL,yellow,782.22
1960,UrbanVN RP-35,Outdoor,1177.47,"UrbanVN RP-35 - Outdoor (Màu: red, Size: S)",Activewear,S,red,615.82
1961,UrbanVN RP-36,Outdoor,1177.47,"UrbanVN RP-36 - Outdoor (Màu: black, Size: M)",Activewear,M,black,861.91
1962,UrbanVN RP-37,Outdoor,1794.87,"UrbanVN RP-37 - Outdoor (Màu: orange, Size: L)",Activewear,L,orange,1680.54
1963,UrbanVN RP-38,Outdoor,1794.87,"UrbanVN RP-38 - Outdoor (Màu: blue, Size: XL)",Activewear,XL,blue,1050.36
1964,UrbanVN RP-39,Outdoor,1070.37,"UrbanVN RP-39 - Outdoor (Màu: white, Size: S)",Activewear,S,white,1016.85
1965,UrbanVN RP-40,Outdoor,1070.37,"UrbanVN RP-40 - Outdoor (Màu: purple, Size: M)",Activewear,M,purple,1016.85
1966,UrbanVN RP-41,Outdoor,2939.73,"UrbanVN RP-41 - Outdoor (Màu: green, Size: L)",Activewear,L,green,1892.01
1967,UrbanVN RP-42,Outdoor,2939.73,"UrbanVN RP-42 - Outdoor (Màu: silver, Size: XL)",Activewear,XL,silver,2792.74
1968,UrbanVN RP-43,Outdoor,2865.87,"UrbanVN RP-43 - Outdoor (Màu: pink, Size: S)",Activewear,S,pink,2722.58
1969,UrbanVN RP-44,Outdoor,2865.87,"UrbanVN RP-44 - Outdoor (Màu: yellow, Size: M)",Activewear,M,yellow,2094.66
1970,UrbanVN RP-45,Outdoor,35.61,"UrbanVN RP-45 - Outdoor (Màu: red, Size: L)",Activewear,L,red,20.09
1971,UrbanVN RP-46,Outdoor,36.57,"UrbanVN RP-46 - Outdoor (Màu: black, Size: XL)",Activewear,XL,black,20.22
1972,UrbanVN RP-47,Outdoor,27.56,"UrbanVN RP-47 - Outdoor (Màu: orange, Size: S)",Activewear,S,orange,16.0
1973,UrbanVN RP-48,Outdoor,23.57,"UrbanVN RP-48 - Outdoor (Màu: blue, Size: M)",Activewear,M,blue,14.63
1974,UrbanVN RP-49,Outdoor,692.31,"UrbanVN RP-49 - Outdoor (Màu: white, Size: L)",Activewear,L,white,657.69
1975,UrbanVN RP-50,Outdoor,692.31,"UrbanVN RP-50 - Outdoor (Màu: purple, Size: XL)",Activewear,XL,purple,657.69
1976,UrbanVN RP-51,Outdoor,46.16,"UrbanVN RP-51 - Outdoor (Màu: green, Size: S)",Activewear,S,green,26.32
1977,UrbanVN RP-52,Outdoor,23.51,"UrbanVN RP-52 - Outdoor (Màu: silver, Size: M)",Activewear,M,silver,14.52
1978,UrbanVN RP-53,Outdoor,3185.16,"UrbanVN RP-53 - Outdoor (Màu: pink, Size: L)",Activewear,L,pink,1873.83
1979,UrbanVN RP-54,Outdoor,3185.16,"UrbanVN RP-54 - Outdoor (Màu: yellow, Size: XL)",Activewear,XL,yellow,1959.83
1980,UrbanVN RP-55,Outdoor,2026.08,"UrbanVN RP-55 - Outdoor (Màu: red, Size: S)",Activewear,S,red,1593.31
1981,UrbanVN RP-56,Outdoor,2026.08,"UrbanVN RP-56 - Outdoor (Màu: black, Size: M)",Activewear,M,black,1031.07
2108,PhoenixWear RP-01,Outdoor,34.08,"PhoenixWear RP-01 - Outdoor (Màu: pink, Size: S)",Activewear,S,pink,22.05
2109,PhoenixWear RP-02,Outdoor,27.36,"PhoenixWear RP-02 - Outdoor (Màu: yellow, Size: M)",Activewear,M,yellow,15.3
1309,VietMode RP-01,Outdoor,3195.99,"VietMode RP-01 - Outdoor (Màu: yellow, Size: M)",Activewear,M,yellow,3036.19
1310,VietMode RP-02,Outdoor,3195.99,"VietMode RP-02 - Outdoor (Màu: red, Size: L)",Activewear,L,red,1813.72
1311,VietMode RP-03,Outdoor,40.11,"VietMode RP-03 - Outdoor (Màu: black, Size: XL)",Activewear,XL,black,24.76
1312,VietMode RP-04,Outdoor,37.84,"VietMode RP-04 - Outdoor (Màu: orange, Size: S)",Activewear,S,orange,22.49
1313,VietMode RP-05,Outdoor,3630.63,"VietMode RP-05 - Outdoor (Màu: blue, Size: M)",Activewear,M,blue,2266.97
1314,VietMode RP-06,Outdoor,3630.63,"VietMode RP-06 - Outdoor (Màu: white, Size: L)",Activewear,L,white,3449.1
1315,VietMode RP-07,Outdoor,4409.28,"VietMode RP-07 - Outdoor (Màu: purple, Size: XL)",Activewear,XL,purple,2546.8
1316,VietMode RP-08,Outdoor,4409.28,"VietMode RP-08 - Outdoor (Màu: green, Size: S)",Activewear,S,green,4104.16
1317,VietMode RP-09,Outdoor,3944.04,"VietMode RP-09 - Outdoor (Màu: silver, Size: M)",Activewear,M,silver,3586.71
1318,VietMode RP-10,Outdoor,3944.04,"VietMode RP-10 - Outdoor (Màu: pink, Size: L)",Activewear,L,pink,2028.02
1319,VietMode RP-11,Outdoor,4481.56,"VietMode RP-11 - Outdoor (Màu: yellow, Size: XL)",Activewear,XL,yellow,2574.21
1320,VietMode RP-12,Outdoor,4481.56,"VietMode RP-12 - Outdoor (Màu: red, Size: S)",Activewear,S,red,4257.48
1321,VietMode RP-13,Outdoor,50.15,"VietMode RP-13 - Outdoor (Màu: black, Size: M)",Activewear,M,black,31.94
1322,VietMode RP-14,Outdoor,27.0,"VietMode RP-14 - Outdoor (Màu: orange, Size: L)",Activewear,L,orange,15.33
1323,VietMode RP-15,Outdoor,29.73,"VietMode RP-15 - Outdoor (Màu: blue, Size: XL)",Activewear,XL,blue,18.41
1324,VietMode RP-16,Outdoor,22.39,"VietMode RP-16 - Outdoor (Màu: white, Size: S)",Activewear,S,white,14.19
1325,VietMode RP-17,Outdoor,4781.39,"VietMode RP-17 - Outdoor (Màu: purple, Size: M)",Activewear,M,purple,2627.85
1326,VietMode RP-18,Outdoor,4781.39,"VietMode RP-18 - Outdoor (Màu: green, Size: L)",Activewear,L,green,4542.32
1327,VietMode RP-19,Outdoor,27.72,"VietMode RP-19 - Outdoor (Màu: silver, Size: XL)",Activewear,XL,silver,17.87
1328,VietMode RP-20,Outdoor,38.51,"VietMode RP-20 - Outdoor (Màu: pink, Size: S)",Activewear,S,pink,23.81
1329,VietMode RP-21,Outdoor,1652.26,"VietMode RP-21 - Outdoor (Màu: yellow, Size: M)",Activewear,M,yellow,1569.65
1330,VietMode RP-22,Outdoor,1652.26,"VietMode RP-22 - Outdoor (Màu: red, Size: L)",Activewear,L,red,846.62
1331,VietMode RP-23,Outdoor,5140.9,"VietMode RP-23 - Outdoor (Màu: black, Size: XL)",Activewear,XL,black,4883.86
1332,VietMode RP-24,Outdoor,5140.9,"VietMode RP-24 - Outdoor (Màu: orange, Size: S)",Activewear,S,orange,2764.78
1333,VietMode RP-25,Outdoor,44.83,"VietMode RP-25 - Outdoor (Màu: blue, Size: M)",Activewear,M,blue,26.88
1334,VietMode RP-26,Outdoor,22.9,"VietMode RP-26 - Outdoor (Màu: white, Size: L)",Activewear,L,white,14.01
1335,VietMode RP-27,Outdoor,4912.74,"VietMode RP-27 - Outdoor (Màu: purple, Size: XL)",Activewear,XL,purple,3845.69
1336,VietMode RP-28,Outdoor,4912.74,"VietMode RP-28 - Outdoor (Màu: green, Size: S)",Activewear,S,green,4197.94
1337,VietMode RP-29,Outdoor,46.89,"VietMode RP-29 - Outdoor (Màu: silver, Size: M)",Activewear,M,silver,29.86
1338,VietMode RP-30,Outdoor,56.95,"VietMode RP-30 - Outdoor (Màu: pink, Size: L)",Activewear,L,pink,34.57
1339,VietMode RP-31,Outdoor,2933.64,"VietMode RP-31 - Outdoor (Màu: yellow, Size: XL)",Activewear,XL,yellow,1483.54
1340,VietMode RP-32,Outdoor,2933.64,"VietMode RP-32 - Outdoor (Màu: red, Size: S)",Activewear,S,red,2571.34
1341,VietMode RP-33,Outdoor,3970.81,"VietMode RP-33 - Outdoor (Màu: black, Size: M)",Activewear,M,black,3772.27
1342,VietMode RP-34,Outdoor,3970.81,"VietMode RP-34 - Outdoor (Màu: orange, Size: L)",Activewear,L,orange,3772.27
1343,VietMode RP-35,Outdoor,3883.17,"VietMode RP-35 - Outdoor (Màu: blue, Size: XL)",Activewear,XL,blue,3069.26
1344,VietMode RP-36,Outdoor,3883.17,"VietMode RP-36 - Outdoor (Màu: white, Size: S)",Activewear,S,white,2469.31
1345,VietMode RP-37,Outdoor,3778.74,"VietMode RP-37 - Outdoor (Màu: purple, Size: M)",Activewear,M,purple,2908.87
1346,VietMode RP-38,Outdoor,3778.74,"VietMode RP-38 - Outdoor (Màu: green, Size: L)",Activewear,L,green,3499.87
1347,VietMode RP-39,Outdoor,3892.45,"VietMode RP-39 - Outdoor (Màu: silver, Size: XL)",Activewear,XL,silver,3697.83
1348,VietMode RP-40,Outdoor,3892.45,"VietMode RP-40 - Outdoor (Màu: pink, Size: S)",Activewear,S,pink,3079.71
1349,VietMode RP-41,Outdoor,4740.95,"VietMode RP-41 - Outdoor (Màu: yellow, Size: M)",Activewear,M,yellow,4172.51
1350,VietMode RP-42,Outdoor,4740.95,"VietMode RP-42 - Outdoor (Màu: red, Size: L)",Activewear,L,red,4503.9
1351,VietMode RP-43,Outdoor,3944.34,"VietMode RP-43 - Outdoor (Màu: black, Size: XL)",Activewear,XL,black,3610.25
1352,VietMode RP-44,Outdoor,3944.34,"VietMode RP-44 - Outdoor (Màu: orange, Size: S)",Activewear,S,orange,3006.77
1353,VietMode RP-45,Outdoor,4440.24,"VietMode RP-45 - Outdoor (Màu: blue, Size: M)",Activewear,M,blue,3652.1
1354,VietMode RP-46,Outdoor,4440.24,"VietMode RP-46 - Outdoor (Màu: white, Size: L)",Activewear,L,white,2478.54
1355,VietMode RP-47,Outdoor,39.07,"VietMode RP-47 - Outdoor (Màu: purple, Size: XL)",Activewear,XL,purple,21.61
1356,VietMode RP-48,Outdoor,70.16,"VietMode RP-48 - Outdoor (Màu: green, Size: S)",Activewear,S,green,45.12
1357,VietMode RP-49,Outdoor,6070.52,"VietMode RP-49 - Outdoor (Màu: silver, Size: M)",Activewear,M,silver,3428.63
1358,VietMode RP-50,Outdoor,6070.52,"VietMode RP-50 - Outdoor (Màu: pink, Size: L)",Activewear,L,pink,5023.35
1359,VietMode RP-51,Outdoor,4629.24,"VietMode RP-51 - Outdoor (Màu: yellow, Size: XL)",Activewear,XL,yellow,2730.79
1360,VietMode RP-52,Outdoor,4629.24,"VietMode RP-52 - Outdoor (Màu: red, Size: S)",Activewear,S,red,4397.78
1361,VietMode RP-53,Outdoor,4524.5,"VietMode RP-53 - Outdoor (Màu: black, Size: M)",Activewear,M,black,2532.36
1362,VietMode RP-54,Outdoor,4524.5,"VietMode RP-54 - Outdoor (Màu: orange, Size: L)",Activewear,L,orange,4298.28
1363,VietMode RP-55,Outdoor,2455.74,"VietMode RP-55 - Outdoor (Màu: blue, Size: XL)",Activewear,XL,blue,2220.97
1364,VietMode RP-56,Outdoor,2455.74,"VietMode RP-56 - Outdoor (Màu: white, Size: S)",Activewear,S,white,1855.31
1365,VietMode RP-57,Outdoor,24.3,"VietMode RP-57 - Outdoor (Màu: purple, Size: M)",Activewear,M,purple,15.04
1366,VietMode RP-58,Outdoor,20.13,"VietMode RP-58 - Outdoor (Màu: green, Size: L)",Activewear,L,green,12.43
1367,VietMode RP-59,Outdoor,16.26,"VietMode RP-59 - Outdoor (Màu: silver, Size: XL)",Activewear,XL,silver,9.29
1368,VietMode RP-60,Outdoor,60.24,"VietMode RP-60 - Outdoor (Màu: pink, Size: S)",Activewear,S,pink,37.1
1369,VietMode RP-61,Outdoor,5983.85,"VietMode RP-61 - Outdoor (Màu: yellow, Size: M)",Activewear,M,yellow,5684.66
1370,VietMode RP-62,Outdoor,5983.85,"VietMode RP-62 - Outdoor (Màu: red, Size: L)",Activewear,L,red,3805.73
1371,VietMode RP-63,Outdoor,43.02,"VietMode RP-63 - Outdoor (Màu: black, Size: XL)",Activewear,XL,black,25.36
1372,VietMode RP-64,Outdoor,32.39,"VietMode RP-64 - Outdoor (Màu: orange, Size: S)",Activewear,S,orange,19.92
1373,VietMode RP-65,Outdoor,3841.74,"VietMode RP-65 - Outdoor (Màu: blue, Size: M)",Activewear,M,blue,3307.74
1374,VietMode RP-66,Outdoor,3841.74,"VietMode RP-66 - Outdoor (Màu: white, Size: L)",Activewear,L,white,3561.68
1375,VietMode RP-67,Outdoor,5807.17,"VietMode RP-67 - Outdoor (Màu: purple, Size: XL)",Activewear,XL,purple,5516.81
1376,VietMode RP-68,Outdoor,5807.17,"VietMode RP-68 - Outdoor (Màu: green, Size: S)",Activewear,S,green,3354.22
1377,VietMode RP-69,Outdoor,37.04,"VietMode RP-69 - Outdoor (Màu: silver, Size: M)",Activewear,M,silver,20.77
1378,VietMode RP-70,Outdoor,21.11,"VietMode RP-70 - Outdoor (Màu: pink, Size: L)",Activewear,L,pink,13.0
1379,VietMode RP-71,Outdoor,3967.74,"VietMode RP-71 - Outdoor (Màu: yellow, Size: XL)",Activewear,XL,yellow,3426.54
1380,VietMode RP-72,Outdoor,3967.74,"VietMode RP-72 - Outdoor (Màu: red, Size: S)",Activewear,S,red,3769.35
1381,VietMode RP-73,Outdoor,4473.84,"VietMode RP-73 - Outdoor (Màu: black, Size: M)",Activewear,M,black,4250.15
1382,VietMode RP-74,Outdoor,4473.84,"VietMode RP-74 - Outdoor (Màu: orange, Size: L)",Activewear,L,orange,2538.9
1383,VietMode RP-75,Outdoor,4080.62,"VietMode RP-75 - Outdoor (Màu: blue, Size: XL)",Activewear,XL,blue,2290.04
1384,VietMode RP-76,Outdoor,4080.62,"VietMode RP-76 - Outdoor (Màu: white, Size: S)",Activewear,S,white,3104.12
1385,VietMode RP-77,Outdoor,4156.74,"VietMode RP-77 - Outdoor (Màu: purple, Size: M)",Activewear,M,purple,2845.29
1386,VietMode RP-78,Outdoor,4156.74,"VietMode RP-78 - Outdoor (Màu: green, Size: L)",Activewear,L,green,3322.48
1387,VietMode RP-79,Outdoor,4471.74,"VietMode RP-79 - Outdoor (Màu: silver, Size: XL)",Activewear,XL,silver,4248.15
1388,VietMode RP-80,Outdoor,4471.74,"VietMode RP-80 - Outdoor (Màu: pink, Size: S)",Activewear,S,pink,4248.15
1389,VietMode RP-81,Outdoor,4912.74,"VietMode RP-81 - Outdoor (Màu: yellow, Size: M)",Activewear,M,yellow,3875.17
1390,VietMode RP-82,Outdoor,4912.74,"VietMode RP-82 - Outdoor (Màu: red, Size: L)",Activewear,L,red,3997.01
1391,VietMode RP-83,Outdoor,2068.32,"VietMode RP-83 - Outdoor (Màu: black, Size: XL)",Activewear,XL,black,1416.8
1392,VietMode RP-84,Outdoor,2068.32,"VietMode RP-84 - Outdoor (Màu: orange, Size: S)",Activewear,S,orange,1296.42
1393,VietMode RP-85,Outdoor,4564.07,"VietMode RP-85 - Outdoor (Màu: blue, Size: M)",Activewear,M,blue,2666.33
1394,VietMode RP-86,Outdoor,4564.07,"VietMode RP-86 - Outdoor (Màu: white, Size: L)",Activewear,L,white,3732.95
1395,VietMode RP-87,Outdoor,4629.24,"VietMode RP-87 - Outdoor (Màu: purple, Size: XL)",Activewear,XL,purple,3204.36
1396,VietMode RP-88,Outdoor,4629.24,"VietMode RP-88 - Outdoor (Màu: green, Size: S)",Activewear,S,green,2849.3
1397,VietMode RP-89,Outdoor,4178.16,"VietMode RP-89 - Outdoor (Màu: silver, Size: M)",Activewear,M,silver,3969.25
1398,VietMode RP-90,Outdoor,4178.16,"VietMode RP-90 - Outdoor (Màu: pink, Size: L)",Activewear,L,pink,3876.5
1399,VietMode RP-91,Outdoor,88.08,"VietMode RP-91 - Outdoor (Màu: yellow, Size: XL)",Activewear,XL,yellow,57.25
1400,VietMode RP-92,Outdoor,34.87,"VietMode RP-92 - Outdoor (Màu: red, Size: S)",Activewear,S,red,19.35
1401,VietMode RP-93,Outdoor,4771.62,"VietMode RP-93 - Outdoor (Màu: black, Size: M)",Activewear,M,black,3444.16
1402,VietMode RP-94,Outdoor,4771.62,"VietMode RP-94 - Outdoor (Màu: orange, Size: L)",Activewear,L,orange,4533.04
1403,VietMode RP-95,Outdoor,34.6,"VietMode RP-95 - Outdoor (Màu: blue, Size: XL)",Activewear,XL,blue,22.41
1404,VietMode RP-96,Outdoor,44.27,"VietMode RP-96 - Outdoor (Màu: white, Size: S)",Activewear,S,white,26.15
1405,VietMode RP-97,Outdoor,4692.24,"VietMode RP-97 - Outdoor (Màu: purple, Size: M)",Activewear,M,purple,4457.63
1406,VietMode RP-98,Outdoor,4692.24,"VietMode RP-98 - Outdoor (Màu: green, Size: L)",Activewear,L,green,2373.8
1407,VietMode RP-99,Outdoor,5076.21,"VietMode RP-99 - Outdoor (Màu: silver, Size: XL)",Activewear,XL,silver,4041.17
1408,VietMode RP-00,Outdoor,5076.21,"VietMode RP-00 - Outdoor (Màu: pink, Size: S)",Activewear,S,pink,4212.24
1409,VietMode RP-01,Outdoor,1233.54,"VietMode RP-01 - Outdoor (Màu: yellow, Size: M)",Activewear,M,yellow,878.03
1410,VietMode RP-02,Outdoor,1233.54,"VietMode RP-02 - Outdoor (Màu: red, Size: L)",Activewear,L,red,706.94
1411,VietMode RP-03,Outdoor,3054.87,"VietMode RP-03 - Outdoor (Màu: black, Size: XL)",Activewear,XL,black,2843.78
1412,VietMode RP-04,Outdoor,3054.87,"VietMode RP-04 - Outdoor (Màu: orange, Size: S)",Activewear,S,orange,1714.09
1413,VietMode RP-05,Outdoor,4678.33,"VietMode RP-05 - Outdoor (Màu: blue, Size: M)",Activewear,M,blue,4099.62
1414,VietMode RP-06,Outdoor,4678.33,"VietMode RP-06 - Outdoor (Màu: white, Size: L)",Activewear,L,white,4444.42
1415,VietMode RP-07,Outdoor,5668.74,"VietMode RP-07 - Outdoor (Màu: purple, Size: XL)",Activewear,XL,purple,3382.54
1416,VietMode RP-08,Outdoor,5668.74,"VietMode RP-08 - Outdoor (Màu: green, Size: S)",Activewear,S,green,4769.68
1417,VietMode RP-09,Outdoor,3778.74,"VietMode RP-09 - Outdoor (Màu: silver, Size: M)",Activewear,M,silver,1940.76
1418,VietMode RP-10,Outdoor,3778.74,"VietMode RP-10 - Outdoor (Màu: pink, Size: L)",Activewear,L,pink,2748.28
1419,VietMode RP-11,Outdoor,5669.15,"VietMode RP-11 - Outdoor (Màu: yellow, Size: XL)",Activewear,XL,yellow,4481.46
1420,VietMode RP-12,Outdoor,5669.15,"VietMode RP-12 - Outdoor (Màu: red, Size: S)",Activewear,S,red,5128.31
1421,VietMode RP-13,Outdoor,5164.74,"VietMode RP-13 - Outdoor (Màu: black, Size: M)",Activewear,M,black,3993.89
1422,VietMode RP-14,Outdoor,5164.74,"VietMode RP-14 - Outdoor (Màu: orange, Size: L)",Activewear,L,orange,3624.1
1423,VietMode RP-15,Outdoor,4409.37,"VietMode RP-15 - Outdoor (Màu: blue, Size: XL)",Activewear,XL,blue,3329.52
1424,VietMode RP-16,Outdoor,4409.37,"VietMode RP-16 - Outdoor (Màu: white, Size: S)",Activewear,S,white,4188.9
1425,VietMode RP-17,Outdoor,3680.24,"VietMode RP-17 - Outdoor (Màu: purple, Size: M)",Activewear,M,purple,2233.54
1426,VietMode RP-18,Outdoor,3680.24,"VietMode RP-18 - Outdoor (Màu: green, Size: L)",Activewear,L,green,1877.29
1427,VietMode RP-19,Outdoor,40.14,"VietMode RP-19 - Outdoor (Màu: silver, Size: XL)",Activewear,XL,silver,25.57
1428,VietMode RP-20,Outdoor,36.22,"VietMode RP-20 - Outdoor (Màu: pink, Size: S)",Activewear,S,pink,22.75
1429,VietMode RP-21,Outdoor,3603.83,"VietMode RP-21 - Outdoor (Màu: yellow, Size: M)",Activewear,M,yellow,2048.42
1430,VietMode RP-22,Outdoor,3603.83,"VietMode RP-22 - Outdoor (Màu: red, Size: L)",Activewear,L,red,2923.07
1431,VietMode RP-23,Outdoor,4093.74,"VietMode RP-23 - Outdoor (Màu: black, Size: XL)",Activewear,XL,black,2673.21
1432,VietMode RP-24,Outdoor,4093.74,"VietMode RP-24 - Outdoor (Màu: orange, Size: S)",Activewear,S,orange,3889.05
1433,VietMode RP-25,Outdoor,4346.33,"VietMode RP-25 - Outdoor (Màu: blue, Size: M)",Activewear,M,blue,4129.01
1434,VietMode RP-26,Outdoor,4346.33,"VietMode RP-26 - Outdoor (Màu: white, Size: L)",Activewear,L,white,2982.89
1435,VietMode RP-27,Outdoor,4004.84,"VietMode RP-27 - Outdoor (Màu: purple, Size: XL)",Activewear,XL,purple,3125.38
1436,VietMode RP-28,Outdoor,4004.84,"VietMode RP-28 - Outdoor (Màu: green, Size: S)",Activewear,S,green,2924.74
1437,VietMode RP-29,Outdoor,24.14,"VietMode RP-29 - Outdoor (Màu: silver, Size: M)",Activewear,M,silver,14.64
1438,VietMode RP-30,Outdoor,39.99,"VietMode RP-30 - Outdoor (Màu: pink, Size: L)",Activewear,L,pink,24.95
1439,VietMode RP-31,Outdoor,4425.07,"VietMode RP-31 - Outdoor (Màu: yellow, Size: XL)",Activewear,XL,yellow,2278.91
1440,VietMode RP-32,Outdoor,4425.07,"VietMode RP-32 - Outdoor (Màu: red, Size: S)",Activewear,S,red,4203.82
1441,VietMode RP-33,Outdoor,5598.43,"VietMode RP-33 - Outdoor (Màu: black, Size: M)",Activewear,M,black,3174.87
1442,VietMode RP-34,Outdoor,5598.43,"VietMode RP-34 - Outdoor (Màu: orange, Size: L)",Activewear,L,orange,3566.2
1443,VietMode RP-35,Outdoor,1348.78,"VietMode RP-35 - Outdoor (Màu: blue, Size: XL)",Activewear,XL,blue,1048.81
1444,VietMode RP-36,Outdoor,1348.78,"VietMode RP-36 - Outdoor (Màu: white, Size: S)",Activewear,S,white,1281.34
1445,VietMode RP-37,Outdoor,70.3,"VietMode RP-37 - Outdoor (Màu: purple, Size: M)",Activewear,M,purple,44.84
1446,VietMode RP-38,Outdoor,56.72,"VietMode RP-38 - Outdoor (Màu: green, Size: L)",Activewear,L,green,33.49
1447,VietMode RP-39,Outdoor,1699.74,"VietMode RP-39 - Outdoor (Màu: silver, Size: XL)",Activewear,XL,silver,1614.75
1448,VietMode RP-40,Outdoor,1699.74,"VietMode RP-40 - Outdoor (Màu: pink, Size: S)",Activewear,S,pink,1242.51
1449,VietMode RP-41,Outdoor,1802.12,"VietMode RP-41 - Outdoor (Màu: yellow, Size: M)",Activewear,M,yellow,1575.77
1450,VietMode RP-42,Outdoor,1802.12,"VietMode RP-42 - Outdoor (Màu: red, Size: L)",Activewear,L,red,1309.06
1451,VietMode RP-43,Outdoor,4603.8,"VietMode RP-43 - Outdoor (Màu: black, Size: XL)",Activewear,XL,black,4373.61
1452,VietMode RP-44,Outdoor,4603.8,"VietMode RP-44 - Outdoor (Màu: orange, Size: S)",Activewear,S,orange,4373.61
1453,VietMode RP-45,Outdoor,4981.02,"VietMode RP-45 - Outdoor (Màu: blue, Size: M)",Activewear,M,blue,3912.59
1454,VietMode RP-46,Outdoor,4981.02,"VietMode RP-46 - Outdoor (Màu: white, Size: L)",Activewear,L,white,4693.12
1455,VietMode RP-47,Outdoor,62.63,"VietMode RP-47 - Outdoor (Màu: purple, Size: XL)",Activewear,XL,purple,36.5
1456,VietMode RP-48,Outdoor,26.99,"VietMode RP-48 - Outdoor (Màu: green, Size: S)",Activewear,S,green,16.65
1457,VietMode RP-49,Outdoor,4912.74,"VietMode RP-49 - Outdoor (Màu: silver, Size: M)",Activewear,M,silver,4167.97
1458,VietMode RP-50,Outdoor,4912.74,"VietMode RP-50 - Outdoor (Màu: pink, Size: L)",Activewear,L,pink,4573.27
1459,VietMode RP-51,Outdoor,5669.05,"VietMode RP-51 - Outdoor (Màu: yellow, Size: XL)",Activewear,XL,yellow,4710.98
1460,VietMode RP-52,Outdoor,5669.05,"VietMode RP-52 - Outdoor (Màu: red, Size: S)",Activewear,S,red,3895.21
1461,VietMode RP-53,Outdoor,22.29,"VietMode RP-53 - Outdoor (Màu: black, Size: M)",Activewear,M,black,14.06
1462,VietMode RP-54,Outdoor,31.49,"VietMode RP-54 - Outdoor (Màu: orange, Size: L)",Activewear,L,orange,19.72
1463,VietMode RP-55,Outdoor,3275.37,"VietMode RP-55 - Outdoor (Màu: blue, Size: XL)",Activewear,XL,blue,2244.28
1464,VietMode RP-56,Outdoor,3275.37,"VietMode RP-56 - Outdoor (Màu: white, Size: S)",Activewear,S,white,2097.87
1465,VietMode RP-57,Outdoor,2802.24,"VietMode RP-57 - Outdoor (Màu: purple, Size: M)",Activewear,M,purple,1672.1
1466,VietMode RP-58,Outdoor,2802.24,"VietMode RP-58 - Outdoor (Màu: green, Size: L)",Activewear,L,green,1524.14
1467,VietMode RP-59,Outdoor,5448.87,"VietMode RP-59 - Outdoor (Màu: silver, Size: XL)",Activewear,XL,silver,5056.55
1468,VietMode RP-60,Outdoor,5448.87,"VietMode RP-60 - Outdoor (Màu: pink, Size: S)",Activewear,S,pink,2760.94
1469,VietMode RP-61,Outdoor,5963.99,"VietMode RP-61 - Outdoor (Màu: yellow, Size: M)",Activewear,M,yellow,4995.44
1470,VietMode RP-62,Outdoor,5963.99,"VietMode RP-62 - Outdoor (Màu: red, Size: L)",Activewear,L,red,5665.79
1471,VietMode RP-63,Outdoor,3202.95,"VietMode RP-63 - Outdoor (Màu: black, Size: XL)",Activewear,XL,black,2458.9
1472,VietMode RP-64,Outdoor,3202.95,"VietMode RP-64 - Outdoor (Màu: orange, Size: S)",Activewear,S,orange,2647.24
1473,VietMode RP-65,Outdoor,4111.74,"VietMode RP-65 - Outdoor (Màu: blue, Size: M)",Activewear,M,blue,2674.69
1474,VietMode RP-66,Outdoor,4111.74,"VietMode RP-66 - Outdoor (Màu: white, Size: L)",Activewear,L,white,3319.0
1475,VietMode RP-67,Outdoor,33.86,"VietMode RP-67 - Outdoor (Màu: purple, Size: XL)",Activewear,XL,purple,21.33
1476,VietMode RP-68,Outdoor,51.3,"VietMode RP-68 - Outdoor (Màu: green, Size: S)",Activewear,S,green,30.45
1477,VietMode RP-69,Outdoor,4030.74,"VietMode RP-69 - Outdoor (Màu: silver, Size: M)",Activewear,M,silver,2267.69
1478,VietMode RP-70,Outdoor,4030.74,"VietMode RP-70 - Outdoor (Màu: pink, Size: L)",Activewear,L,pink,3829.2
1479,VietMode RP-71,Outdoor,4469.57,"VietMode RP-71 - Outdoor (Màu: yellow, Size: XL)",Activewear,XL,yellow,2982.54
1480,VietMode RP-72,Outdoor,4469.57,"VietMode RP-72 - Outdoor (Màu: red, Size: S)",Activewear,S,red,3598.0
1481,VietMode RP-73,Outdoor,5051.44,"VietMode RP-73 - Outdoor (Màu: black, Size: M)",Activewear,M,black,4798.87
1482,VietMode RP-74,Outdoor,5051.44,"VietMode RP-74 - Outdoor (Màu: orange, Size: L)",Activewear,L,orange,3821.92
1483,VietMode RP-75,Outdoor,984.43,"VietMode RP-75 - Outdoor (Màu: blue, Size: XL)",Activewear,XL,blue,641.55
1484,VietMode RP-76,Outdoor,984.43,"VietMode RP-76 - Outdoor (Màu: white, Size: S)",Activewear,S,white,935.21
1485,VietMode RP-77,Outdoor,4230.24,"VietMode RP-77 - Outdoor (Màu: purple, Size: M)",Activewear,M,purple,2410.81
1486,VietMode RP-78,Outdoor,4230.24,"VietMode RP-78 - Outdoor (Màu: green, Size: L)",Activewear,L,green,4018.73
1487,VietMode RP-79,Outdoor,6219.41,"VietMode RP-79 - Outdoor (Màu: silver, Size: XL)",Activewear,XL,silver,5908.44
1488,VietMode RP-80,Outdoor,6219.41,"VietMode RP-80 - Outdoor (Màu: pink, Size: S)",Activewear,S,pink,5736.16
1489,VietMode RP-81,Outdoor,3248.55,"VietMode RP-81 - Outdoor (Màu: yellow, Size: M)",Activewear,M,yellow,2722.28
1490,VietMode RP-82,Outdoor,3248.55,"VietMode RP-82 - Outdoor (Màu: red, Size: L)",Activewear,L,red,3086.12
1491,VietMode RP-83,Outdoor,3652.74,"VietMode RP-83 - Outdoor (Màu: black, Size: XL)",Activewear,XL,black,2082.06
1492,VietMode RP-84,Outdoor,3652.74,"VietMode RP-84 - Outdoor (Màu: orange, Size: S)",Activewear,S,orange,2041.52
1493,VietMode RP-85,Outdoor,4610.89,"VietMode RP-85 - Outdoor (Màu: blue, Size: M)",Activewear,M,blue,3650.9
1494,VietMode RP-86,Outdoor,4610.89,"VietMode RP-86 - Outdoor (Màu: white, Size: L)",Activewear,L,white,2685.84
1495,VietMode RP-87,Outdoor,4625.34,"VietMode RP-87 - Outdoor (Màu: purple, Size: XL)",Activewear,XL,purple,4394.07
1496,VietMode RP-88,Outdoor,4625.34,"VietMode RP-88 - Outdoor (Màu: green, Size: S)",Activewear,S,green,2817.29
1497,VietMode RP-89,Outdoor,5669.37,"VietMode RP-89 - Outdoor (Màu: silver, Size: M)",Activewear,M,silver,5385.9
1498,VietMode RP-90,Outdoor,5669.37,"VietMode RP-90 - Outdoor (Màu: pink, Size: L)",Activewear,L,pink,3994.07
1499,VietMode RP-91,Outdoor,16.83,"VietMode RP-91 - Outdoor (Màu: yellow, Size: XL)",Activewear,XL,yellow,10.63
1500,VietMode RP-92,Outdoor,61.06,"VietMode RP-92 - Outdoor (Màu: red, Size: S)",Activewear,S,red,34.32
1501,VietMode RP-93,Outdoor,4400.34,"VietMode RP-93 - Outdoor (Màu: black, Size: M)",Activewear,M,black,3290.13
1502,VietMode RP-94,Outdoor,4400.34,"VietMode RP-94 - Outdoor (Màu: orange, Size: L)",Activewear,L,orange,2938.11
1503,VietMode RP-95,Outdoor,4245.68,"VietMode RP-95 - Outdoor (Màu: blue, Size: XL)",Activewear,XL,blue,3343.9
1504,VietMode RP-96,Outdoor,4245.68,"VietMode RP-96 - Outdoor (Màu: white, Size: S)",Activewear,S,white,3142.65
1505,VietMode RP-97,Outdoor,31.09,"VietMode RP-97 - Outdoor (Màu: purple, Size: M)",Activewear,M,purple,18.79
1506,VietMode RP-98,Outdoor,27.92,"VietMode RP-98 - Outdoor (Màu: green, Size: L)",Activewear,L,green,15.37
1507,VietMode RP-99,Outdoor,1537.09,"VietMode RP-99 - Outdoor (Màu: silver, Size: XL)",Activewear,XL,silver,860.31
1508,VietMode RP-00,Outdoor,1537.09,"VietMode RP-00 - Outdoor (Màu: pink, Size: S)",Activewear,S,pink,1460.23
1509,VietMode RP-01,Outdoor,22.09,"VietMode RP-01 - Outdoor (Màu: yellow, Size: M)",Activewear,M,yellow,12.87
1510,VietMode RP-02,Outdoor,17.08,"VietMode RP-02 - Outdoor (Màu: red, Size: L)",Activewear,L,red,10.02
1511,VietMode RP-03,Outdoor,4566.24,"VietMode RP-03 - Outdoor (Màu: black, Size: XL)",Activewear,XL,black,4337.93
1512,VietMode RP-04,Outdoor,4566.24,"VietMode RP-04 - Outdoor (Màu: orange, Size: S)",Activewear,S,orange,3794.55
1513,VietMode RP-05,Outdoor,4848.65,"VietMode RP-05 - Outdoor (Màu: blue, Size: M)",Activewear,M,blue,2439.36
1514,VietMode RP-06,Outdoor,4848.65,"VietMode RP-06 - Outdoor (Màu: white, Size: L)",Activewear,L,white,4606.22
1515,VietMode RP-07,Outdoor,46.03,"VietMode RP-07 - Outdoor (Màu: purple, Size: XL)",Activewear,XL,purple,27.14
1516,VietMode RP-08,Outdoor,34.1,"VietMode RP-08 - Outdoor (Màu: green, Size: S)",Activewear,S,green,21.13
1517,VietMode RP-09,Outdoor,2317.9,"VietMode RP-09 - Outdoor (Màu: silver, Size: M)",Activewear,M,silver,1762.07
1518,VietMode RP-10,Outdoor,2317.9,"VietMode RP-10 - Outdoor (Màu: pink, Size: L)",Activewear,L,pink,2173.26
1519,VietMode RP-11,Outdoor,2622.89,"VietMode RP-11 - Outdoor (Màu: yellow, Size: XL)",Activewear,XL,yellow,2278.5
1520,VietMode RP-12,Outdoor,2622.89,"VietMode RP-12 - Outdoor (Màu: red, Size: S)",Activewear,S,red,2491.75
1521,VietMode RP-13,Outdoor,6298.74,"VietMode RP-13 - Outdoor (Màu: black, Size: M)",Activewear,M,black,4021.75
1522,VietMode RP-14,Outdoor,6298.74,"VietMode RP-14 - Outdoor (Màu: orange, Size: L)",Activewear,L,orange,5983.8
1523,VietMode RP-15,Outdoor,4011.27,"VietMode RP-15 - Outdoor (Màu: blue, Size: XL)",Activewear,XL,blue,3810.71
1524,VietMode RP-16,Outdoor,4011.27,"VietMode RP-16 - Outdoor (Màu: white, Size: S)",Activewear,S,white,2500.23
1525,VietMode RP-17,Outdoor,19.77,"VietMode RP-17 - Outdoor (Màu: purple, Size: M)",Activewear,M,purple,11.64
1526,VietMode RP-18,Outdoor,19.73,"VietMode RP-18 - Outdoor (Màu: green, Size: L)",Activewear,L,green,11.73
1527,VietMode RP-19,Outdoor,4448.67,"VietMode RP-19 - Outdoor (Màu: silver, Size: XL)",Activewear,XL,silver,4226.23
1528,VietMode RP-20,Outdoor,4448.67,"VietMode RP-20 - Outdoor (Màu: pink, Size: S)",Activewear,S,pink,3015.75
1529,VietMode RP-21,Outdoor,4668.84,"VietMode RP-21 - Outdoor (Màu: yellow, Size: M)",Activewear,M,yellow,4435.4
1530,VietMode RP-22,Outdoor,4668.84,"VietMode RP-22 - Outdoor (Màu: red, Size: L)",Activewear,L,red,3285.46
1531,VietMode RP-23,Outdoor,5354.37,"VietMode RP-23 - Outdoor (Màu: black, Size: XL)",Activewear,XL,black,2882.26
1532,VietMode RP-24,Outdoor,5354.37,"VietMode RP-24 - Outdoor (Màu: orange, Size: S)",Activewear,S,orange,5086.65
1533,VietMode RP-25,Outdoor,28.95,"VietMode RP-25 - Outdoor (Màu: blue, Size: M)",Activewear,M,blue,16.61
1534,VietMode RP-26,Outdoor,64.56,"VietMode RP-26 - Outdoor (Màu: white, Size: L)",Activewear,L,white,37.92
1535,VietMode RP-27,Outdoor,29.85,"VietMode RP-27 - Outdoor (Màu: purple, Size: XL)",Activewear,XL,purple,17.1
1536,VietMode RP-28,Outdoor,18.15,"VietMode RP-28 - Outdoor (Màu: green, Size: S)",Activewear,S,green,10.12
1537,VietMode RP-29,Outdoor,30.02,"VietMode RP-29 - Outdoor (Màu: silver, Size: M)",Activewear,M,silver,18.32
1538,VietMode RP-30,Outdoor,29.69,"VietMode RP-30 - Outdoor (Màu: pink, Size: L)",Activewear,L,pink,18.32
1539,VietMode RP-31,Outdoor,4534.74,"VietMode RP-31 - Outdoor (Màu: yellow, Size: XL)",Activewear,XL,yellow,4308.0
1540,VietMode RP-32,Outdoor,4534.74,"VietMode RP-32 - Outdoor (Màu: red, Size: S)",Activewear,S,red,2815.62
1541,VietMode RP-33,Outdoor,4865.72,"VietMode RP-33 - Outdoor (Màu: black, Size: M)",Activewear,M,black,4089.64
1542,VietMode RP-34,Outdoor,4865.72,"VietMode RP-34 - Outdoor (Màu: orange, Size: L)",Activewear,L,orange,4294.0
1543,VietMode RP-35,Outdoor,4093.74,"VietMode RP-35 - Outdoor (Màu: blue, Size: XL)",Activewear,XL,blue,2254.01
1544,VietMode RP-36,Outdoor,4093.74,"VietMode RP-36 - Outdoor (Màu: white, Size: S)",Activewear,S,white,3134.58
1545,VietMode RP-37,Outdoor,4695.1,"VietMode RP-37 - Outdoor (Màu: purple, Size: M)",Activewear,M,purple,2763.54
1546,VietMode RP-38,Outdoor,4695.1,"VietMode RP-38 - Outdoor (Màu: green, Size: L)",Activewear,L,green,3569.69
1547,VietMode RP-39,Outdoor,4241.65,"VietMode RP-39 - Outdoor (Màu: silver, Size: XL)",Activewear,XL,silver,3226.63
1548,VietMode RP-40,Outdoor,4241.65,"VietMode RP-40 - Outdoor (Màu: pink, Size: S)",Activewear,S,pink,3493.0
1549,VietMode RP-41,Outdoor,5038.74,"VietMode RP-41 - Outdoor (Màu: yellow, Size: M)",Activewear,M,yellow,4786.8
1550,VietMode RP-42,Outdoor,5038.74,"VietMode RP-42 - Outdoor (Màu: red, Size: L)",Activewear,L,red,2568.25
1551,VietMode RP-43,Outdoor,5038.74,"VietMode RP-43 - Outdoor (Màu: black, Size: XL)",Activewear,XL,black,4786.8
1552,VietMode RP-44,Outdoor,5038.74,"VietMode RP-44 - Outdoor (Màu: orange, Size: S)",Activewear,S,orange,4378.16
1553,VietMode RP-45,Outdoor,11.26,"VietMode RP-45 - Outdoor (Màu: blue, Size: M)",Activewear,M,blue,6.89
1554,VietMode RP-46,Outdoor,32.4,"VietMode RP-46 - Outdoor (Màu: white, Size: L)",Activewear,L,white,19.32
1555,VietMode RP-47,Outdoor,3716.37,"VietMode RP-47 - Outdoor (Màu: purple, Size: XL)",Activewear,XL,purple,2789.88
1556,VietMode RP-48,Outdoor,3716.37,"VietMode RP-48 - Outdoor (Màu: green, Size: S)",Activewear,S,green,3061.17
1557,VietMode RP-49,Outdoor,5479.74,"VietMode RP-49 - Outdoor (Màu: silver, Size: M)",Activewear,M,silver,3912.53
1558,VietMode RP-50,Outdoor,5479.74,"VietMode RP-50 - Outdoor (Màu: pink, Size: L)",Activewear,L,pink,5205.75
1559,VietMode RP-51,Outdoor,4556.32,"VietMode RP-51 - Outdoor (Màu: yellow, Size: XL)",Activewear,XL,yellow,4328.51
1560,VietMode RP-52,Outdoor,4556.32,"VietMode RP-52 - Outdoor (Màu: red, Size: S)",Activewear,S,red,3423.17
1561,VietMode RP-53,Outdoor,4970.07,"VietMode RP-53 - Outdoor (Màu: black, Size: M)",Activewear,M,black,4721.57
1562,VietMode RP-54,Outdoor,4970.07,"VietMode RP-54 - Outdoor (Màu: orange, Size: L)",Activewear,L,orange,2879.66
1233,VietMode MP-01,Casual,30.19,"VietMode MP-01 - Casual (Màu: blue, Size: M)",Activewear,M,blue,17.75
1234,VietMode MP-02,Casual,43.75,"VietMode MP-02 - Casual (Màu: white, Size: L)",Activewear,L,white,27.84
1235,VietMode MP-03,Casual,5794.74,"VietMode MP-03 - Casual (Màu: purple, Size: XL)",Activewear,XL,purple,5505.0
1236,VietMode MP-04,Casual,5794.74,"VietMode MP-04 - Casual (Màu: green, Size: S)",Activewear,S,green,4156.57
1237,VietMode MP-05,Casual,69.38,"VietMode MP-05 - Casual (Màu: silver, Size: M)",Activewear,M,silver,41.76
1238,VietMode MP-06,Casual,51.97,"VietMode MP-06 - Casual (Màu: pink, Size: L)",Activewear,L,pink,31.07
1239,VietMode MP-07,Casual,5669.37,"VietMode MP-07 - Casual (Màu: yellow, Size: XL)",Activewear,XL,yellow,3362.5
1240,VietMode MP-08,Casual,5669.37,"VietMode MP-08 - Casual (Màu: red, Size: S)",Activewear,S,red,5385.9
1241,VietMode MP-09,Casual,4786.74,"VietMode MP-09 - Casual (Màu: black, Size: M)",Activewear,M,black,4467.94
1242,VietMode MP-10,Casual,4786.74,"VietMode MP-10 - Casual (Màu: orange, Size: L)",Activewear,L,orange,3972.52
1243,VietMode MP-11,Casual,5794.74,"VietMode MP-11 - Casual (Màu: blue, Size: XL)",Activewear,XL,blue,3022.54
1244,VietMode MP-12,Casual,5794.74,"VietMode MP-12 - Casual (Màu: white, Size: S)",Activewear,S,white,4177.43
1245,VietMode MP-13,Casual,6110.37,"VietMode MP-13 - Casual (Màu: purple, Size: M)",Activewear,M,purple,3479.86
1246,VietMode MP-14,Casual,6110.37,"VietMode MP-14 - Casual (Màu: green, Size: L)",Activewear,L,green,4080.51
1247,VietMode MP-15,Casual,5983.74,"VietMode MP-15 - Casual (Màu: silver, Size: XL)",Activewear,XL,silver,5684.55
1248,VietMode MP-16,Casual,5983.74,"VietMode MP-16 - Casual (Màu: pink, Size: S)",Activewear,S,pink,4605.68
1249,VietMode MP-17,Casual,4976.37,"VietMode MP-17 - Casual (Màu: yellow, Size: M)",Activewear,M,yellow,3661.61
1250,VietMode MP-18,Casual,4976.37,"VietMode MP-18 - Casual (Màu: red, Size: L)",Activewear,L,red,3635.74
1251,VietMode MP-19,Casual,5164.74,"VietMode MP-19 - Casual (Màu: black, Size: XL)",Activewear,XL,black,3167.02
1252,VietMode MP-20,Casual,5164.74,"VietMode MP-20 - Casual (Màu: orange, Size: S)",Activewear,S,orange,2973.86
1253,VietMode MP-21,Casual,5353.74,"VietMode MP-21 - Casual (Màu: blue, Size: M)",Activewear,M,blue,4589.23
1254,VietMode MP-22,Casual,5353.74,"VietMode MP-22 - Casual (Màu: white, Size: L)",Activewear,L,white,5086.05
1255,VietMode MP-23,Casual,29.74,"VietMode MP-23 - Casual (Màu: purple, Size: XL)",Activewear,XL,purple,16.43
1256,VietMode MP-24,Casual,21.27,"VietMode MP-24 - Casual (Màu: green, Size: S)",Activewear,S,green,12.43
1257,VietMode MP-25,Casual,92.7,"VietMode MP-25 - Casual (Màu: silver, Size: M)",Activewear,M,silver,54.51
1258,VietMode MP-26,Casual,33.91,"VietMode MP-26 - Casual (Màu: pink, Size: L)",Activewear,L,pink,20.0
1259,VietMode MP-27,Casual,4603.34,"VietMode MP-27 - Casual (Màu: yellow, Size: XL)",Activewear,XL,yellow,2585.24
1260,VietMode MP-28,Casual,4603.34,"VietMode MP-28 - Casual (Màu: red, Size: S)",Activewear,S,red,2553.93
1261,VietMode MP-29,Casual,5983.88,"VietMode MP-29 - Casual (Màu: black, Size: M)",Activewear,M,black,4653.66
1262,VietMode MP-30,Casual,5983.88,"VietMode MP-30 - Casual (Màu: orange, Size: L)",Activewear,L,orange,5684.68
1263,VietMode MP-31,Casual,5984.37,"VietMode MP-31 - Casual (Màu: blue, Size: XL)",Activewear,XL,blue,5685.15
1264,VietMode MP-32,Casual,5984.37,"VietMode MP-32 - Casual (Màu: white, Size: S)",Activewear,S,white,3719.88
